target,f1,f2,f3,f4,f5
1,22.6,25.06666667,428.3333333,849.3333333,0.00424961
1,22.6,25.2,422.5,853,0.00427237
1,22.6,25.2,423.6666667,853,0.00427237
1,22.54,25.16,424.6,852,0.004249921
1,22.54,25.16,427.4,853.6,0.004249921
1,22.54,25.14,421.8,845.6,0.00424652
1,22.525,25.1,426,834.25,0.004235829
1,22.5,25.04,421.8,826.4,0.004219178
1,22.5,25,419,819.6,0.004212392
1,22.5,25,419,829.6,0.004212392
1,22.5,25,419,824,0.004212392
1,22.5,24.912,419,814.2,0.004197464
1,22.5,24.89,419,813.5,0.004193733
1,22.5,24.89,419,813.8,0.004193733
1,22.5,24.89,419,811,0.004193733
1,22.478,24.87,419,804.6,0.004184704
1,22.456,24.83,419,807.8,0.004172308
1,22.5,24.85666667,419,802.3333333,0.004188079
1,22.4175,24.7475,419,796.75,0.004148566
1,22.456,24.81,419,794.4,0.004168925
1,22.39,24.7,419,790.6,0.004133586
1,22.4175,24.7225,419,789.75,0.004144348
1,22.39,24.7,419,782.2,0.004133586
1,22.39,25,0,805.5,0.00418413
1,22.35,24.978,0,791.4,0.004170196
1,22.32333333,25,0,779.3333333,0.004167082
1,22.365,24.9725,0,780.75,0.004173103
1,22.315,24.89,0,781.75,0.004146508
1,22.29,24.9175,0,781,0.004144767
1,22.29,24.912,0,778.4,0.004143846
1,22.26,24.85666667,0,769.3333333,0.004126988
1,22.254,24.85,0,766.5,0.004124357
1,22.23,24.79333333,0,763.25,0.004108841
1,22.26,24.82333333,0,762.3333333,0.004121417
1,22.2,24.79,0,761.5,0.004100737
1,22.2,24.79,0,761,0.004100737
1,22.2,24.736,0,757,0.004091746
1,22.2,24.79,0,752.3333333,0.004100737
1,22.13333333,24.7,0,748.6666667,0.004069084
1,22.1,24.7,0,746.25,0.004060772
1,22.15,24.7225,0,745.25,0.00407698
1,22.1,24.7,0,740.6666667,0.004060772
1,22.1,24.7,0,738,0.004060772
1,22.13333333,24.7,0,732.6666667,0.004069084
1,22.1,24.7,0,727,0.004060772
1,22.1,24.675,0,716,0.004056635
1,22.06666667,24.66666667,0,723.25,0.004046971
1,22.06666667,24.66666667,0,718.3333333,0.004046971
1,22,24.58,0,716.6,0.004016193
1,21.978,24.6,0,714,0.004014056
1,21.978,24.56,0,714.2,0.004007487
1,21.945,24.6,0,715,0.00400593
1,21.92666667,24.5,0,706.6666667,0.003985052
1,21.89,24.5,0,706,0.003976085
1,21.89,24.525,0,698.75,0.003980169
1,21.89,24.5,0,692.5,0.003976085
1,21.89,24.5,0,694.75,0.003976085
1,21.815,24.4175,0,697.25,0.003944389
1,21.82333333,24.46333333,0,692,0.003953865
1,21.79,24.39,0,691,0.003933868
1,21.79,24.39,0,689.75,0.003933868
1,21.79,24.39,0,689,0.003933868
1,21.7675,24.39,0,687,0.00392843
1,21.7675,24.365,0,679.75,0.003924377
1,21.754,24.35,0,668.4,0.003918692
1,21.7,24.29,0,665.6666667,0.003896013
1,21.7,24.29,0,664.75,0.003896013
1,21.7,24.29,0,668,0.003896013
1,21.7,24.29,0,661.25,0.003896013
1,21.64,24.236,0,658.2,0.003872972
1,21.6,24.2,0,656,0.003857673
1,21.6,24.2,0,654.8,0.003857673
1,21.6,24.2225,0,653.75,0.003861282
1,21.5,24.26,0,650.3333333,0.003843552
1,21.5,24.2,0,650.75,0.003833988
1,21.55,24.2,0,648.25,0.003845814
1,21.5,24.2,0,640.3333333,0.003833988
1,21.5,24.2,0,638,0.003833988
1,21.5,24.2,0,636.25,0.003833988
1,21.5,24.2,0,636.3333333,0.003833988
1,21.5,24.15,0,635.75,0.003826018
1,21.5,24.175,0,635.5,0.003830003
1,21.5,24.125,0,627.5,0.003822033
1,21.5,24.15,0,626.25,0.003826018
1,21.5,24.125,0,621.5,0.003822033
1,21.5,24.1,0,621.75,0.003818048
1,21.5,24.1,0,620.6666667,0.003818048
1,21.5,24.1,0,617,0.003818048
1,21.5,24.1,0,612.75,0.003818048
1,21.4725,24.075,0,614.5,0.003807606
1,21.39,24,0,617.3333333,0.003776419
1,21.42666667,23.92666667,0,614.25,0.00377333
1,21.39,23.9725,0,610.75,0.003772066
1,21.39,23.9175,0,603,0.003763359
1,21.39,23.945,0,603.5,0.003767713
1,21.365,23.89,0,602,0.003753216
1,21.32333333,24,0,605.6666667,0.003760925
1,21.34,23.9725,0,604.5,0.003760453
1,21.315,23.9725,0,599,0.003754659
1,21.35666667,24,0,600,0.003768665
1,21.39,23.9725,0,596.5,0.003772066
1,21.315,23.89,0,597.5,0.00374166
1,21.29,23.945,0,594,0.003744546
1,21.29,23.9725,0,590.5,0.003748872
1,21.29,23.89,0,586.6666667,0.003735893
1,21.29,23.92666667,0,588,0.003741662
1,21.29,23.89,0,585.5,0.003735893
1,21.29,23.89,0,584.5,0.003735893
1,21.254,23.85,0,587.2,0.003721325
1,21.23,23.82333333,0,585,0.003711637
1,21.218,23.81,0,579.4,0.0037068
1,21.2,23.79,0,579.3333333,0.003699555
1,21.2,23.79,0,581.6,0.003699555
1,21.2,23.79,0,581.6666667,0.003699555
1,21.2,23.79,0,577.5,0.003699555
1,21.2,23.79,0,577.3333333,0.003699555
1,21.2,23.7675,0,574.25,0.003696035
1,21.2,23.745,0,569,0.003692515
1,21.2,23.76,0,565.3333333,0.003694862
1,21.2,23.7,0,561.4,0.003685476
1,21.2,23.79,0,567.3333333,0.003699555
1,21.175,23.7,0,565.3333333,0.003679792
1,21.16666667,23.7,0,563.5,0.003677899
1,21.125,23.675,0,559,0.003664554
1,21.1,23.65,0,559.5,0.003655012
1,21.125,23.65,0,550.5,0.003660661
1,21.1,23.6,0,553,0.003647239
1,21.13333333,23.6,0,552,0.003654757
1,21.1,23.6,0,553.25,0.003647239
1,21.1,23.6,0,545.75,0.003647239
1,21.1,23.6,0,548,0.003647239
1,21.1,23.6,0,547,0.003647239
1,21.1,23.575,0,545.75,0.003643353
1,21.1,23.53333333,0,544,0.003636876
1,21.1,23.4725,0,545.5,0.00362742
1,21.1,23.4725,0,547,0.00362742
1,21.1,23.5,0,545.25,0.003631695
1,21.1,23.5,0,541.25,0.003631695
1,21.125,23.5,0,540.75,0.003637308
1,21.1,23.5,0,533.3333333,0.003631695
1,21.13333333,23.5,0,528,0.00363918
1,21.1,23.3925,0,537.75,0.003614985
1,21.1,23.4725,0,539.5,0.00362742
1,21.1,23.5,0,535.25,0.003631695
1,21.1,23.5,0,537.25,0.003631695
1,21.1,23.5,0,535.25,0.003631695
1,21.1,23.5,0,533.4,0.003631695
1,21.1,23.5,0,524.5,0.003631695
1,21.1,23.434,0,524.8,0.003621436
1,21.1,23.39,0,522.6666667,0.003614596
1,21.1,23.39,0,521,0.003614596
1,21.125,23.39,0,519.75,0.003620183
1,21.1,23.39,0,523,0.003614596
1,21.1,23.39,0,523,0.003614596
1,21.1,23.39,0,519,0.003614596
1,21.1,23.365,0,519.5,0.003610711
1,21.1,23.39,0,519.75,0.003614596
1,21.1,23.365,0,520,0.003610711
1,21.1,23.33,0,524.6,0.003605271
1,21.075,23.315,0,520.25,0.003597378
1,21.075,23.34,0,519,0.003601258
1,21.1,23.29,0,523.2,0.003599053
1,21.03333333,23.29,0,517.6666667,0.003584258
1,21.02,23.29,0,514.2,0.003581305
1,21.025,23.29,0,516.5,0.003582412
1,21,23.29,0,521,0.00357688
1,21,23.29,0,520,0.00357688
1,21,23.254,0,517.8,0.00357132
1,21,23.26,0,514.3333333,0.003572246
1,21,23.2675,0,516.75,0.003573405
1,21,23.29,0,520.75,0.00357688
1,21,23.29,0,519.3333333,0.00357688
1,21,23.29,0,519,0.00357688
1,21,23.29,0,509.75,0.00357688
1,21,23.29,0,508.5,0.00357688
1,20.9725,23.29,0,504.5,0.003570804
1,21,23.29,0,506.5,0.00357688
1,20.9725,23.29,0,509,0.003570804
1,20.96333333,23.29,0,507.25,0.00356878
1,21,23.29,0,509.3333333,0.00357688
1,20.89,23.2,0,509.6666667,0.003538822
1,20.89,23.245,0,508.25,0.003545725
1,20.89,23.2225,0,510.25,0.003542274
1,20.89,23.254,0,504,0.003547106
1,20.89,23.26,0,499.3333333,0.003548027
1,20.89,23.2225,0,495,0.003542274
1,20.89,23.2,0,496.25,0.003538822
1,20.89,23.2,0,494.75,0.003538822
1,20.89,23.2,0,492.5,0.003538822
1,20.89,23.2,0,494.25,0.003538822
1,20.89,23.2,0,492.3333333,0.003538822
1,20.89,23.125,0,493.75,0.003527317
1,20.89,23.125,0,484.75,0.003527317
1,20.89,23.1,0,489.25,0.003523482
1,20.89,23.1,0,494.5,0.003523482
1,20.89,23.1,0,495.6666667,0.003523482
1,20.89,23.1,0,501.5,0.003523482
1,20.89,23.1,0,499.6666667,0.003523482
1,20.89,23.1,0,492.5,0.003523482
1,20.89,23.1,0,494.25,0.003523482
1,20.89,23.1,0,494,0.003523482
1,20.9725,23.1,0,489.25,0.003541507
1,20.9175,23.1,0,490,0.003529482
1,20.89,23.1,0,495.5,0.003523482
1,20.89,23.05,0,498,0.003515813
1,20.89,23.05,0,495,0.003515813
1,20.912,23,0,490.2,0.003512921
1,20.92666667,23,0,492.3333333,0.003516109
1,20.89,23,0,491.6666667,0.003508143
1,20.89,22.956,0,488,0.003501394
1,20.934,22.934,0,488,0.003507553
1,20.89,23,0,485,0.003508143
1,20.89,23,0,490,0.003508143
1,20.9175,22.9725,0,489.5,0.003509891
1,20.89,22.945,0,485.25,0.003499707
1,20.89,22.89,0,485.6666667,0.003491271
1,20.9175,22.945,0,485,0.003505665
1,20.89,22.956,0,485.2,0.003501394
1,20.945,22.89,0,484,0.003503168
1,20.89,22.9175,0,483,0.003495489
1,20.89,22.89,0,481,0.003491271
1,20.89,22.89,0,476.5,0.003491271
1,20.89,22.89,0,475,0.003491271
1,20.89,22.89,0,476,0.003491271
1,20.89,22.89,0,478.5,0.003491271
1,20.89,22.89,0,481,0.003491271
1,20.89,22.89,0,483,0.003491271
1,20.85666667,22.85666667,0,480.25,0.003478976
1,20.89,22.89,0,480.25,0.003491271
1,20.89,22.865,0,470.75,0.003487436
1,20.89,22.89,0,474.75,0.003491271
1,20.89,22.865,0,482.25,0.003487436
1,20.89,22.89,0,480.3333333,0.003491271
1,20.89,22.89,0,480,0.003491271
1,20.89,22.84,0,481.5,0.003483602
1,20.89,22.84,0,483.5,0.003483602
1,20.89,22.79,0,475.6,0.003475933
1,20.89,22.76,0,475.3333333,0.003471332
1,20.89,22.815,0,477.6666667,0.003479768
1,20.89,22.79,0,475.75,0.003475933
1,20.89,22.79,0,479.1666667,0.003475933
1,20.865,22.7675,0,475,0.003467115
1,20.865,22.7675,0,474,0.003467115
1,20.89,22.79,0,477.3333333,0.003475933
1,20.89,22.79,0,473,0.003475933
1,20.89,22.7675,0,470,0.003472482
1,20.865,22.675,0,468.75,0.003452951
1,20.87,22.718,0,471.4,0.003460606
1,20.89,22.7,0,471,0.00346213
1,20.89,22.7,0,468,0.00346213
1,20.85,22.678,0,468.6,0.003450207
1,20.81,22.62,0,467.4,0.003432825
1,20.79,22.6,0,469,0.003425529
1,20.79,22.65,0,471.25,0.00343315
1,20.82333333,22.73,0,470.6666667,0.003452459
1,20.79,22.6,0,466.75,0.003425529
1,20.79,22.64,0,466.8,0.003431626
1,20.79,22.7,0,468.75,0.003440771
1,20.79,22.65,0,467.5,0.00343315
1,20.79,22.63333333,0,469.6666667,0.00343061
1,20.79,22.7,0,469.75,0.003440771
1,20.79,22.6,0,469.75,0.003425529
1,20.79,22.6,0,467.25,0.003425529
1,20.772,22.6,0,461.4,0.003421714
1,20.79,22.6,0,469.25,0.003425529
1,20.79,22.625,0,468,0.00342934
1,20.73,22.6,0,469,0.003412826
1,20.79,22.6,0,467.25,0.003425529
1,20.79,22.6,0,467.4,0.003425529
1,20.79,22.6,0,467.6666667,0.003425529
1,20.745,22.6,0,471.5,0.003415998
1,20.76,22.6,0,471.6666667,0.003419173
1,20.7225,22.6,0,464.75,0.003411242
1,20.7225,22.6,0,461.75,0.003411242
1,20.7225,22.6,0,458.5,0.003411242
1,20.745,22.55,0,459.5,0.003408399
1,20.7225,22.55,0,460.5,0.003403653
1,20.76,22.56666667,0,465.3333333,0.003414102
1,20.7225,22.5,0,465,0.003396065
1,20.7225,22.5,0,459,0.003396065
1,20.7675,22.5,0,463,0.003405542
1,20.745,22.5,0,460.75,0.003400801
1,20.7,22.5,0,461.5,0.003391335
1,20.7,22.5,0,466,0.003391335
1,20.7675,22.5,0,460.25,0.003405542
1,20.718,22.52,0,457.4,0.003398153
1,20.7,22.5,0,464.6,0.003391335
1,20.73,22.5,0,464.3333333,0.003397643
1,20.7,22.5,0,459.3333333,0.003391335
1,20.7,22.5,0,459.75,0.003391335
1,20.7225,22.5,0,459.25,0.003396065
1,20.7,22.5,0,463,0.003391335
1,20.7225,22.445,0,461.5,0.003387718
1,20.7,22.5,0,454.5,0.003391335
1,20.7,22.5,0,458.3333333,0.003391335
1,20.718,22.5,0,463,0.003395119
1,20.7,22.5,0,463.75,0.003391335
1,20.7,22.456,0,460.6,0.003384667
1,20.7,22.5,0,455.25,0.003391335
1,20.7,22.5,0,455.6666667,0.003391335
1,20.7,22.5,0,456.25,0.003391335
1,20.7,22.42666667,0,459.6666667,0.003380222
1,20.7,22.5,0,462,0.003391335
1,20.7225,22.4725,0,460.25,0.003391892
1,20.718,22.434,0,462,0.003385105
1,20.73,22.39,0,461,0.003380942
1,20.7,22.39,0,461.6666667,0.003374666
1,20.745,22.39,0,460.25,0.003384084
1,20.7225,22.365,0,456.25,0.003375578
1,20.745,22.39,0,457.5,0.003384084
1,20.772,22.37,0,455.8,0.003386702
1,20.76,22.39,0,455,0.003387229
1,20.7675,22.365,0,451.25,0.003384998
1,20.745,22.39,0,453.75,0.003384084
1,20.736,22.39,0,456.2,0.003382199
1,20.73,22.35666667,0,453.6666667,0.003375881
1,20.7,22.34,0,452.75,0.003367089
1,20.76,22.35666667,0,454,0.003382159
1,20.745,22.39,0,452.5,0.003384084
1,20.73,22.39,0,456,0.003380942
1,20.745,22.34,0,451.5,0.003376486
1,20.7,22.37,0,449.8,0.003371635
1,20.7,22.365,0,449.25,0.003370877
1,20.7,22.365,0,452.25,0.003370877
1,20.7225,22.34,0,451.25,0.003371784
1,20.7,22.34,0,453,0.003367089
1,20.7,22.39,0,453.25,0.003374666
1,20.7,22.315,0,456.6666667,0.0033633
1,20.7,22.29,0,455.75,0.003359512
1,20.7,22.365,0,458,0.003370877
1,20.7,22.34,0,458.75,0.003367089
1,20.7,22.29,0,455.5,0.003359512
1,20.7,22.29,0,455,0.003359512
1,20.7,22.29,0,453.3333333,0.003359512
1,20.7,22.33,0,454.6,0.003365573
1,20.7,22.29,0,457.5,0.003359512
1,20.7,22.29,0,449.6666667,0.003359512
1,20.7,22.29,0,452,0.003359512
1,20.7,22.29,0,453.5,0.003359512
1,20.7,22.29,0,452,0.003359512
1,20.7,22.29,0,450.6,0.003359512
1,20.7,22.29,0,450.6666667,0.003359512
1,20.7,22.29,0,451,0.003359512
1,20.7,22.29,0,454.5,0.003359512
1,20.7,22.29,0,457.25,0.003359512
1,20.7,22.315,0,456,0.0033633
1,20.675,22.29,0,456.5,0.003354313
1,20.675,22.29,0,453.5,0.003354313
1,20.7,22.29,0,454.25,0.003359512
1,20.675,22.22,0,454,0.003343722
1,20.675,22.2675,0,451,0.003350909
1,20.66666667,22.26,0,450.25,0.003348045
1,20.625,22.2225,0,449.75,0.003333756
1,20.675,22.2675,0,452,0.003350909
1,20.65,22.245,0,452.5,0.003342324
1,20.64,22.236,0,454,0.003338894
1,20.63333333,22.26,0,453,0.003341137
1,20.7,22.29,0,454,0.003359512
1,20.675,22.2675,0,450,0.003350909
1,20.625,22.245,0,451.75,0.003337149
1,20.675,22.2675,0,450.25,0.003350909
1,20.625,22.2225,0,445,0.003333756
1,20.65,22.2675,0,446.25,0.003345722
1,20.66666667,22.26,0,450.6666667,0.003348045
1,20.64,22.236,0,453.6,0.003338894
1,20.63333333,22.23,0,450.3333333,0.00333661
1,20.65,22.245,0,445.5,0.003342324
1,20.65,22.245,0,443,0.003342324
1,20.65,22.245,0,449.25,0.003342324
1,20.63333333,22.23,0,454.6666667,0.00333661
1,20.65,22.245,0,449,0.003342324
1,20.625,22.2225,0,448.5,0.003333756
1,20.6,22.2,0,449.6,0.003325206
1,20.6,22.2,0,454,0.003325206
1,20.6,22.2225,0,451.25,0.003328594
1,20.6,22.2,0,449.3333333,0.003325206
1,20.6,22.2,0,446,0.003325206
1,20.6,22.2225,0,445.75,0.003328594
1,20.6,22.2,0,451.5,0.003325206
1,20.6,22.2,0,455.25,0.003325206
1,20.6,22.2,0,455.25,0.003325206
1,20.63333333,22.23,0,451.6666667,0.00333661
1,20.6,22.2,0,451,0.003325206
1,20.6,22.2,0,448.75,0.003325206
1,20.6,22.2,0,445.75,0.003325206
1,20.6,22.2,0,444.75,0.003325206
1,20.6,22.2,0,446.3333333,0.003325206
1,20.6,22.2,0,450,0.003325206
1,20.575,22.2225,0,446.5,0.003323439
1,20.6,22.2225,0,446.5,0.003328594
1,20.575,22.2675,0,447.75,0.003330205
1,20.58,22.254,0,449.6,0.003329207
1,20.6,22.23,0,451.6666667,0.003329723
1,20.6,22.26,0,450,0.003334241
1,20.6,22.2,0,449.25,0.003325206
1,20.575,22.2,0,449.75,0.003320056
1,20.55,22.2675,0,453.75,0.003325047
1,20.6,22.2,0,453,0.003325206
1,20.6,22.2,0,450.5,0.003325206
1,20.56666667,22.23,0,447,0.00332285
1,20.575,22.2675,0,443.75,0.003330205
1,20.6,22.2,0,444.25,0.003325206
1,20.6,22.2675,0,451.5,0.00333537
1,20.6,22.218,0,448.4,0.003327916
1,20.6,22.2,0,449,0.003325206
1,20.6,22.26,0,449.3333333,0.003334241
1,20.6,22.2,0,446.25,0.003325206
1,20.6,22.2,0,446.6,0.003325206
1,20.6,22.2,0,447.6666667,0.003325206
1,20.6,22.2,0,447,0.003325206
1,20.6,22.2,0,446.75,0.003325206
1,20.6,22.2,0,449.3333333,0.003325206
1,20.58,22.2,0,451.2,0.003321086
1,20.6,22.2,0,454,0.003325206
1,20.6,22.2,0,451,0.003325206
1,20.6,22.2,0,450.25,0.003325206
1,20.6,22.2225,0,450,0.003328594
1,20.6,22.2225,0,449,0.003328594
1,20.6,22.2,0,446,0.003325206
1,20.58,22.218,0,443.2,0.003323793
1,20.56666667,22.26,0,443.3333333,0.003327358
1,20.6,22.2,0,448,0.003325206
1,20.6,22.2675,0,454,0.00333537
1,20.6,22.29,0,451.5,0.003338759
1,20.6,22.29,0,451.3333333,0.003338759
1,20.55,22.29,0,447,0.003328425
1,20.55,22.29,0,448.5,0.003328425
1,20.525,22.2225,0,450.5,0.003313151
1,20.575,22.29,0,446.5,0.003333588
1,20.6,22.29,0,447.3333333,0.003338759
1,20.575,22.29,0,453.5,0.003333588
1,20.56666667,22.29,0,451.3333333,0.003331866
1,20.58,22.254,0,449.4,0.003329207
1,20.53333333,22.26,0,453.6666667,0.003320487
1,20.575,22.2,0,448.25,0.003320056
1,20.575,22.29,0,452,0.003333588
1,20.525,22.2675,0,452.6666667,0.003319896
1,20.6,22.2,0,454.6666667,0.003325206
1,20.6,22.254,0,453.2,0.003333337
1,20.56,22.29,0,447.6,0.003330489
1,20.6,22.29,0,447.6666667,0.003338759
1,20.55,22.29,0,448,0.003328425
1,20.55,22.29,0,451,0.003328425
1,20.6,22.29,0,451,0.003338759
1,20.525,22.2675,0,451,0.003319896
1,20.525,22.29,0,449.75,0.003323268
1,20.52,22.29,0,453,0.003322238
1,20.5,22.2675,0,453.5,0.003314751
1,20.5,22.29,0,452.3333333,0.003318119
1,20.525,22.29,0,452,0.003323268
1,20.6,22.26,0,450.6666667,0.003334241
1,20.5,22.2,0,449.5,0.00330465
1,20.6,22.2225,0,449.75,0.003328594
1,20.56,22.2,0,449,0.00331697
1,20.6,22.2,0,451.3333333,0.003325206
1,20.56666667,22.2,0,449,0.003318341
1,20.56666667,22.2,0,448,0.003318341
1,20.575,22.2,0,443.25,0.003320056
1,20.55,22.245,0,446.5,0.003321669
1,20.6,22.245,0,448.75,0.003331982
1,20.6,22.2225,0,451,0.003328594
1,20.6,22.2,0,451.5,0.003325206
1,20.56666667,22.2,0,455,0.003318341
1,20.6,22.2,0,451.6,0.003325206
1,20.6,22.2,0,452.6666667,0.003325206
1,20.6,22.14,0,448.2,0.003316171
1,20.6,22.125,0,445.75,0.003313912
1,20.6,22.1,0,446.6666667,0.003310148
1,20.6,22.1,0,446.3333333,0.003310148
1,20.6,22.125,0,444.75,0.003313912
1,20.6,22.1,0,444.5,0.003310148
1,20.58,22.14,0,446,0.003312062
1,20.56666667,22.13333333,0,443.3333333,0.003308323
1,20.6,22.1,0,447,0.003310148
1,20.56666667,22.1,0,446,0.003303314
1,20.6,22.15,0,445.25,0.003317677
1,20.575,22.125,0,442,0.00330878
1,20.575,22.1,0,443,0.003305022
1,20.6,22.1,0,443,0.003310148
1,20.6,22.1,0,446.3333333,0.003310148
1,20.6,22.13333333,0,449,0.003315167
1,20.6,22.125,0,445.25,0.003313912
1,20.6,22.1,0,441.25,0.003310148
1,20.575,22.175,0,441.75,0.003316298
1,20.575,22.175,0,441.5,0.003316298
1,20.6,22.13333333,0,445,0.003315167
1,20.575,22.125,0,446,0.00330878
1,20.55,22.2,0,442.5,0.003314914
1,20.56666667,22.2,0,445,0.003318341
1,20.525,22.2,0,443.5,0.003309778
1,20.56,22.2,0,443,0.00331697
1,20.6,22.2,0,444.3333333,0.003325206
1,20.53333333,22.2,0,443.6666667,0.003311489
1,20.58,22.2,0,443.4,0.003321086
1,20.6,22.2,0,447,0.003325206
1,20.6,22.2,0,446.25,0.003325206
1,20.56,22.2,0,445.6,0.00331697
1,20.55,22.2,0,448.5,0.003314914
1,20.6,22.2,0,443.6666667,0.003325206
1,20.58,22.2,0,444.4,0.003321086
1,20.6,22.2,0,444.3333333,0.003325206
1,20.575,22.2,0,443.5,0.003320056
1,20.56666667,22.23,0,451,0.00332285
1,20.575,22.2675,0,444.5,0.003330205
1,20.6,22.2225,0,443,0.003328594
1,20.53333333,22.2,0,445.6666667,0.003311489
1,20.56,22.2,0,447.8,0.00331697
1,20.6,22.2,0,445,0.003325206
1,20.575,22.2,0,442.5,0.003320056
1,20.525,22.245,0,446.75,0.003316523
1,20.525,22.2675,0,442.75,0.003319896
1,20.5,22.29,0,441.3333333,0.003318119
1,20.525,22.29,0,443.75,0.003323268
1,20.5,22.29,0,441.25,0.003318119
1,20.5,22.29,0,440.25,0.003318119
1,20.5,22.29,0,441.5,0.003318119
1,20.5,22.29,0,439.3333333,0.003318119
1,20.5,22.29,0,439,0.003318119
1,20.5,22.29,0,445.3333333,0.003318119
1,20.5,22.29,0,443.5,0.003318119
1,20.5,22.29,0,439.8,0.003318119
1,20.5,22.29,0,438.25,0.003318119
1,20.5,22.29,0,443,0.003318119
1,20.5,22.29,0,440.75,0.003318119
1,20.5,22.29,0,438.2,0.003318119
1,20.5,22.29,0,441.3333333,0.003318119
1,20.5,22.29,0,438.25,0.003318119
1,20.5,22.29,0,436.5,0.003318119
1,20.5,22.29,0,439.3333333,0.003318119
1,20.5,22.29,0,439.75,0.003318119
1,20.5,22.29,0,439.75,0.003318119
1,20.5,22.29,0,441.1666667,0.003318119
1,20.5,22.29,0,441.6666667,0.003318119
1,20.5,22.29,0,438.5,0.003318119
1,20.5,22.29,0,439.75,0.003318119
1,20.5,22.29,0,438.2,0.003318119
1,20.5,22.29,0,438.6666667,0.003318119
1,20.5,22.315,0,442,0.00332186
1,20.5,22.39,0,447.75,0.003333084
1,20.5,22.35666667,0,442.3333333,0.003328096
1,20.5,22.365,0,442.25,0.003329343
1,20.5,22.39,0,445.75,0.003333084
1,20.5,22.365,0,441.5,0.003329343
1,20.5,22.39,0,437.25,0.003333084
1,20.5,22.39,0,439,0.003333084
1,20.5,22.29,0,436.5,0.003318119
1,20.5,22.32333333,0,432.5,0.003323107
1,20.5,22.315,0,427.5,0.00332186
1,20.5,22.315,0,437.5,0.00332186
1,20.5,22.35666667,0,436.6666667,0.003328096
1,20.5,22.39,0,435,0.003333084
1,20.5,22.39,0,437,0.003333084
1,20.5,22.39,0,438.6666667,0.003333084
1,20.5,22.39,0,440.5,0.003333084
1,20.5,22.34,0,442.75,0.003325601
1,20.5,22.37,0,438,0.003330091
1,20.5,22.39,0,436.25,0.003333084
1,20.46333333,22.35666667,0,441.3333333,0.003320533
1,20.5,22.39,0,441,0.003333084
1,20.5,22.315,0,437,0.00332186
1,20.5,22.37,0,435.2,0.003330091
1,20.5,22.35666667,0,433.3333333,0.003328096
1,20.5,22.39,0,435,0.003333084
1,20.5,22.34,0,433.8,0.003325601
1,20.5,22.39,0,435.3333333,0.003333084
1,20.5,22.39,0,437.25,0.003333084
1,20.5,22.39,0,434.4,0.003333084
1,20.5,22.39,0,431.75,0.003333084
1,20.5,22.39,0,437.3333333,0.003333084
1,20.5,22.39,0,439.6666667,0.003333084
1,20.478,22.37,0,435.6,0.003325549
1,20.456,22.35,0,433,0.003318027
1,20.478,22.392,0,432.6,0.003328837
1,20.5,22.39,0,435.75,0.003333084
1,20.42666667,22.32333333,0,436,0.00330802
1,20.5,22.39,0,434.5,0.003333084
1,20.478,22.392,0,435.4,0.003328837
1,20.42666667,22.32333333,0,437.3333333,0.00330802
1,20.4175,22.3925,0,430.75,0.003316436
1,20.456,22.414,0,439.2,0.003327579
1,20.4725,22.39,0,441.5,0.003327402
1,20.46333333,22.39333333,0,445.6666667,0.003326008
1,20.5,22.39,0,443.25,0.003333084
1,20.4175,22.3425,0,438.25,0.003308992
1,20.46333333,22.46333333,0,437,0.003336461
1,20.478,22.478,0,429.8,0.003341691
1,20.5,22.456,0,431.2,0.003342962
1,20.5,22.412,0,435.8,0.003336377
1,20.4725,22.3925,0,435.75,0.003327776
1,20.445,22.34,0,434.25,0.003314272
1,20.5,22.434,0,434.6,0.00333967
1,20.5,22.39,0,434,0.003333084
1,20.5,22.39,0,433.5,0.003333084
1,20.5,22.39,0,434.6666667,0.003333084
1,20.5,22.39,0,437.5,0.003333084
1,20.5,22.39,0,438.5,0.003333084
1,20.5,22.42666667,0,436.6666667,0.003338572
1,20.5,22.445,0,431.1666667,0.003341316
1,20.5,22.39,0,436,0.003333084
1,20.4725,22.3925,0,438.25,0.003327776
1,20.5,22.46333333,0,439,0.00334406
1,20.5,22.456,0,436.6,0.003342962
1,20.5,22.39,0,432.6666667,0.003333084
1,20.5,22.39,0,433.25,0.003333084
1,20.4725,22.39,0,433.5,0.003327402
1,20.4725,22.4175,0,435.75,0.003331511
1,20.5,22.5,0,436,0.003349548
1,20.5,22.478,0,430.8,0.003346255
1,20.434,22.412,0,435.4,0.003322741
1,20.4175,22.34,0,433.5,0.00330862
1,20.39,22.39,0,429.75,0.003310408
1,20.39,22.39,0,430,0.003310408
1,20.39,22.39,0,433,0.003310408
1,20.39,22.39,0,436.25,0.003310408
1,20.39,22.39,0,433.5,0.003310408
1,20.39,22.5,0,434.25,0.003326758
1,20.39,22.46333333,0,430.3333333,0.003321308
1,20.39,22.5,0,429.6,0.003326758
1,20.39,22.5,0,433.5,0.003326758
1,20.39,22.5,0,435.6,0.003326758
1,20.39,22.5,0,434.6666667,0.003326758
1,20.39,22.5,0,432.3333333,0.003326758
1,20.39,22.5,0,438,0.003326758
1,20.39,22.5,0,436.5,0.003326758
1,20.39,22.5,0,440.75,0.003326758
1,20.39,22.5,0,438,0.003326758
1,20.39,22.5,0,434.75,0.003326758
1,20.39,22.5,0,434.75,0.003326758
1,20.39,22.5,0,435.6666667,0.003326758
1,20.39,22.5,0,434,0.003326758
1,20.35,22.5,0,429.2,0.003318505
1,20.39,22.5,0,431.5,0.003326758
1,20.39,22.5,0,430,0.003326758
1,20.39,22.5,0,434,0.003326758
1,20.39,22.5,0,434.25,0.003326758
1,20.39,22.5,0,432.4,0.003326758
1,20.39,22.46333333,0,434.3333333,0.003321308
1,20.39,22.5,0,436.4,0.003326758
1,20.39,22.5,0,435.75,0.003326758
1,20.39,22.5,0,435.2,0.003326758
1,20.39,22.5,0,436.75,0.003326758
1,20.39,22.5,0,438.25,0.003326758
1,20.39,22.5,0,438.75,0.003326758
1,20.39,22.4725,0,437.5,0.003322671
1,20.39,22.46333333,0,439.3333333,0.003321308
1,20.39,22.5,0,437.5,0.003326758
1,20.39,22.5,0,433.6,0.003326758
1,20.39,22.5,0,431.3333333,0.003326758
1,20.39,22.5,0,434.8,0.003326758
1,20.39,22.46333333,0,433.3333333,0.003321308
1,20.39,22.4725,0,433.8,0.003322671
1,20.39,22.5,0,436.5,0.003326758
1,20.39,22.5,0,434,0.003326758
1,20.39,22.4725,0,433.75,0.003322671
1,20.39,22.445,0,435.5,0.003318583
1,20.39,22.42666667,0,434.3333333,0.003315858
1,20.39,22.5,0,431.75,0.003326758
1,20.39,22.5,0,431.5,0.003326758
1,20.39,22.5,0,432.5,0.003326758
1,20.39,22.456,0,435.4,0.003320218
1,20.39,22.5,0,436.6666667,0.003326758
1,20.39,22.5,0,432.6,0.003326758
1,20.39,22.46333333,0,433,0.003321308
1,20.39,22.445,0,431.5,0.003318583
1,20.39,22.5,0,431.8,0.003326758
1,20.39,22.5,0,439.6666667,0.003326758
1,20.39,22.5,0,436.6666667,0.003326758
1,20.39,22.5,0,439,0.003326758
1,20.39,22.5,0,436.25,0.003326758
1,20.39,22.5,0,435.8,0.003326758
1,20.39,22.42666667,0,438.3333333,0.003315858
1,20.39,22.4725,0,436,0.003322671
1,20.39,22.5,0,433.6666667,0.003326758
1,20.39,22.5,0,432.25,0.003326758
1,20.39,22.5,0,433.5,0.003326758
1,20.39,22.5,0,436.25,0.003326758
1,20.39,22.5,0,435,0.003326758
1,20.39,22.5,0,433.75,0.003326758
1,20.39,22.5,0,440.6666667,0.003326758
1,20.39,22.5,0,441.2,0.003326758
1,20.39,22.5,0,435.25,0.003326758
1,20.39,22.5,0,437.25,0.003326758
1,20.39,22.5,0,435.5,0.003326758
1,20.39,22.5,0,439.75,0.003326758
1,20.39,22.5,0,438,0.003326758
1,20.39,22.5,0,435.25,0.003326758
1,20.39,22.5,0,434.2,0.003326758
1,20.39,22.5,0,435,0.003326758
1,20.365,22.5,0,436.5,0.003321598
1,20.39,22.5,0,434,0.003326758
1,20.39,22.5,0,435.25,0.003326758
1,20.39,22.5,0,432.75,0.003326758
1,20.39,22.5,0,432,0.003326758
1,20.39,22.5,0,432,0.003326758
1,20.39,22.5,0,431.5,0.003326758
1,20.39,22.5,0,435,0.003326758
1,20.39,22.5,0,437.6666667,0.003326758
1,20.39,22.5,0,437.3333333,0.003326758
1,20.365,22.5,0,438,0.003321598
1,20.365,22.5,0,434.25,0.003321598
1,20.34,22.575,0,435.75,0.003327559
1,20.315,22.6,0,433.25,0.003326094
1,20.315,22.6,0,434.75,0.003326094
1,20.35666667,22.6,0,439,0.003334714
1,20.34,22.6,0,439.25,0.003331264
1,20.365,22.575,0,438.5,0.003332729
1,20.29,22.6,0,437.6,0.003320932
1,20.29,22.6,0,434.5,0.003320932
1,20.29,22.6,0,435.5,0.003320932
1,20.32333333,22.6,0,436,0.003327817
1,20.29,22.6,0,435.2,0.003320932
1,20.32333333,22.6,0,433.6666667,0.003327817
1,20.29,22.6,0,434.25,0.003320932
1,20.29,22.625,0,440.5,0.003324625
1,20.29,22.63333333,0,440.6666667,0.003325856
1,20.29,22.675,0,438,0.003332012
1,20.29,22.7,0,433.8,0.003335705
1,20.29,22.7,0,435,0.003335705
1,20.29,22.7,0,434.75,0.003335705
1,20.29,22.7,0,437.3333333,0.003335705
1,20.29,22.7,0,439.5,0.003335705
1,20.29,22.65,0,432.75,0.003328319
1,20.29,22.6,0,435,0.003320932
1,20.29,22.7,0,436.5,0.003335705
1,20.29,22.675,0,434.6666667,0.003332012
1,20.29,22.7,0,436,0.003335705
1,20.29,22.7,0,441.5,0.003335705
1,20.29,22.7,0,436,0.003335705
1,20.29,22.675,0,435.75,0.003332012
1,20.29,22.65,0,431,0.003328319
1,20.29,22.7,0,434,0.003335705
1,20.29,22.7,0,436,0.003335705
1,20.29,22.7,0,436.5,0.003335705
1,20.29,22.7,0,436.5,0.003335705
1,20.29,22.7,0,436.25,0.003335705
1,20.29,22.7,0,437.6666667,0.003335705
1,20.29,22.7,0,432.25,0.003335705
1,20.29,22.7,0,429.3333333,0.003335705
1,20.29,22.7,0,432.25,0.003335705
1,20.272,22.68,0,437,0.003329025
1,20.26,22.66666667,0,433.3333333,0.003324577
1,20.29,22.7,0,427.6,0.003335705
1,20.29,22.7,0,436,0.003335705
1,20.29,22.7,0,436.3333333,0.003335705
1,20.29,22.7,0,435.25,0.003335705
1,20.29,22.7,0,436.25,0.003335705
1,20.29,22.7,0,434.25,0.003335705
1,20.29,22.7225,0,436,0.003339029
1,20.2675,22.7,0,434.5,0.003331045
1,20.26,22.76,0,435.6666667,0.00333834
1,20.29,22.7,0,433,0.003335705
1,20.29,22.7,0,428.25,0.003335705
1,20.29,22.7,0,434.2,0.003335705
1,20.2675,22.675,0,437,0.003327356
1,20.2675,22.72,0,433.6666667,0.003333995
1,20.29,22.76,0,434,0.00334457
1,20.29,22.772,0,439.6,0.003346342
1,20.29,22.79,0,435.6666667,0.003349002
1,20.29,22.7675,0,431,0.003345678
1,20.29,22.76,0,433.3333333,0.00334457
1,20.29,22.7,0,434.5,0.003335705
1,20.29,22.7,0,435,0.003335705
1,20.29,22.7,0,437.75,0.003335705
1,20.29,22.79,0,438.3333333,0.003349002
1,20.29,22.7225,0,438,0.003339029
1,20.29,22.7,0,431.75,0.003335705
1,20.29,22.7675,0,432.75,0.003345678
1,20.29,22.7225,0,431.25,0.003339029
1,20.29,22.7,0,437.25,0.003335705
1,20.32333333,22.7,0,434.3333333,0.003342621
1,20.365,22.7,0,429.5,0.003351283
1,20.39,22.7,0,430,0.003356489
1,20.39,22.7,0,434,0.003356489
1,20.39,22.7,0,437.75,0.003356489
1,20.39,22.7,0,434.6666667,0.003356489
1,20.39,22.7,0,431.75,0.003356489
1,20.39,22.65,0,437.5,0.003349056
1,20.39,22.68,0,433.8,0.003353516
1,20.39,22.7,0,435.8,0.003356489
1,20.39,22.7,0,437.6666667,0.003356489
1,20.39,22.7,0,434.25,0.003356489
1,20.39,22.675,0,433,0.003352773
1,20.39,22.7,0,436.25,0.003356489
1,20.37,22.7,0,436.8,0.003352323
1,20.32333333,22.7,0,438,0.003342621
1,20.29,22.7225,0,438.75,0.003339029
1,20.29,22.745,0,439.5,0.003342353
1,20.29,22.79,0,441.25,0.003349002
1,20.29,22.79,0,432,0.003349002
1,20.29,22.79,0,431.6666667,0.003349002
1,20.29,22.79,0,435,0.003349002
1,20.29,22.79,0,435.75,0.003349002
1,20.26,22.79,0,436.3333333,0.003342764
1,20.29,22.84,0,436,0.003356389
1,20.2675,22.84,0,439.25,0.003351699
1,20.245,22.815,0,435,0.003343332
1,20.236,22.83,0,431.4,0.003343671
1,20.29,22.89,0,435.3333333,0.003363776
1,20.2,22.79,0,439.6666667,0.003330319
1,20.218,22.81,0,431.4,0.00333699
1,20.245,22.84,0,431,0.003347015
1,20.2,22.79,0,431.75,0.003330319
1,20.245,22.84,0,437.75,0.003347015
1,20.2675,22.865,0,436.75,0.003355388
1,20.2,22.79,0,432,0.003330319
1,20.2225,22.815,0,433.25,0.003338659
1,20.2,22.79,0,434.5,0.003330319
1,20.2,22.79,0,436.5,0.003330319
1,20.2225,22.815,0,438.25,0.003338659
1,20.2,22.79,0,439,0.003330319
1,20.2,22.815,0,441.2,0.003333992
1,20.2225,22.8675,0,435.25,0.003346383
1,20.2,22.89,0,433.75,0.00334501
1,20.2,22.89,0,439.25,0.00334501
1,20.2,22.89,0,442,0.00334501
1,20.2,22.89,0,445.3333333,0.00334501
1,20.2,22.89,0,440.6,0.00334501
1,20.2,22.89,0,440.6666667,0.00334501
1,20.236,22.83,0,440.2,0.003343671
1,20.29,22.84,0,439.5,0.003356389
1,20.29,22.79,0,441.6666667,0.003349002
1,20.29,22.79,0,440.5,0.003349002
1,20.29,22.79,0,437,0.003349002
1,20.29,22.79,0,439,0.003349002
1,20.29,22.79,0,438.5,0.003349002
1,20.29,22.79,0,438.5,0.003349002
1,20.315,22.79,0,440.25,0.003354208
1,20.35666667,22.7,0,445,0.003349549
1,20.34,22.745,0,442.75,0.003352752
1,20.34,22.7225,0,439.75,0.003349418
1,20.315,22.7675,0,434.5,0.003350878
1,20.315,22.7675,0,437.5,0.003350878
1,20.29,22.79,0,440,0.003349002
1,20.29,22.79,0,438,0.003349002
1,20.29,23,419,453,0.003380029
1,20.315,23.1,419,459.25,0.003400083
1,20.29,23.2,419,470.4,0.003409582
1,20.31,23.2,416.2,466,0.003413822
1,21.13333333,24.82333333,444,747.3333333,0.003845377
1,21.16666667,24.85833333,444,745.5,0.00385877
1,22.2,27.64285714,535.7142857,1137.857143,0.004576126
1,22.39,27.29,603.6,1064,0.004570212
1,22.39,27.2675,587.5,1065.25,0.004566416
1,22.39,27.2,575,1050.5,0.00455503
1,23.26,25.85666667,338.3333333,997.3333333,0.004564605
1,23.29,25.97833333,197.1666667,996.5,0.004594621
1,23.272,25.87,184,998.6,0.004570312
1,23.29,25.89,173.2,993.4,0.004578883
1,23.2675,25.865,193,994.25,0.004568171
1,23.29,25.89,193,990.1666667,0.004578883
1,23.245,25.825,178,984,0.004554814
1,23.254,25.85,184,983.6,0.004561753
1,23.26,25.79333333,186,983.3333333,0.004553342
1,23.272,25.772,178,974.6,0.004552872
1,23.245,25.715,178,961,0.004535271
1,23.29,25.7225,173.5,954.25,0.004549043
1,23.245,25.7,174.5,951.5,0.004532606
1,23.215,25.68333333,169.6666667,952.5,0.004521382
1,23.215,25.68333333,168.5,946.3333333,0.004521382
1,23.2,25.6,171,942,0.004502493
1,23.2,25.6,176,933.2,0.004502493
1,23.2,25.58,176,928.8,0.00449895
1,23.2,25.55,177.25,924,0.004493635
1,23.2,25.55,171,918,0.004493635
1,23.2,25.5,171,912.75,0.004484778
1,23.2,25.5,171,907,0.004484778
1,23.18571429,25.52857143,268.7142857,899.2857143,0.004485936
1,23.2,25.792,627.6,919.8,0.004536508
1,23.2,25.65,638,938.25,0.00451135
1,23.2,25.53333333,634,922.1666667,0.004490683
1,23.2,25.5,629,899,0.004484778
1,23.2,25.51666667,557.6666667,895.3333333,0.00448773
1,22.6,30.1225,0,1205.25,0.005113784
1,22.575,30.05,0,1204.75,0.005093574
1,22.5,30.1,0,1196.666667,0.005078737
1,22.5,30.1,0,1191.5,0.005078737
1,22.5,30.1,0,1184,0.005078737
1,22.445,30.1,0,1189.25,0.00506165
1,22.39,30.075,0,1186.5,0.005040391
1,22.39,30.1,0,1180.75,0.005044615
1,22.39,30.05,0,1172.5,0.005036167
1,22.365,30.075,0,1164,0.005032671
1,22.35666667,30.1,0,1160.666667,0.005034315
1,22.29,30,0,1143.25,0.00499698
1,22.2675,29.945,0,1139.5,0.004980865
1,22.245,29.9725,0,1138.25,0.004978597
1,22.2,29.815,0,1135.5,0.004938568
1,22.2,29.84,0,1124.75,0.004942742
1,22.2,29.85666667,0,1119.333333,0.004945524
1,22.125,29.79,0,1110.25,0.004911722
1,22.1,29.79,0,1105.5,0.004904185
1,22.1,29.745,0,1096.75,0.004896719
1,22.1,29.7,0,1092.25,0.004889252
1,22.1,29.6,0,1092.5,0.004872661
1,22.025,29.525,0,1085.75,0.004837873
1,22,29.46333333,0,1074.333333,0.004820277
1,22,29.39,0,1066,0.004808187
1,22,29.39,0,1058.5,0.004808187
1,21.9175,29.29,0,1050.75,0.004767456
1,21.89,29.2675,0,1044,0.004755715
1,21.96333333,29.2,0,1039,0.004766109
1,21.89,29.2,0,1030.5,0.004744663
1,21.89,29.2,0,1030.8,0.004744663
1,21.89,29.2,0,1032.333333,0.004744663
1,21.89,29.16,0,1021.2,0.004738114
1,21.89,29.2,0,1018.666667,0.004744663
1,21.89,29.2,0,1008.75,0.004744663
1,21.79,29,0,1003.25,0.004683014
1,21.81,29,0,989.8,0.004688783
1,21.815,29,0,992,0.004690226
1,21.79,28.9725,0,985.75,0.00467854
1,21.79,28.89,0,989,0.004665118
1,21.7225,28.89,0,983,0.00464577
1,21.7,28.89,0,976.75,0.004639337
1,21.7,28.89,0,970.3333333,0.004639337
1,21.7,28.865,0,961.75,0.004635292
1,21.7,28.865,0,958.75,0.004635292
1,21.7,28.89,0,954.6666667,0.004639337
1,21.7,28.79,0,950.5,0.004623159
1,21.7,28.815,0,942.75,0.004627203
1,21.675,28.79,0,938.25,0.004616045
1,21.675,28.7675,0,941,0.00461241
1,21.63333333,28.73,0,944.3333333,0.004594543
1,21.6,28.65,0,938,0.004572253
1,21.6,28.675,0,934.5,0.004576272
1,21.6,28.63333333,0,936.6666667,0.004569574
1,21.6,28.6,0,926,0.004564215
1,21.6,28.6,0,920.75,0.004564215
1,21.6,28.56,0,920.2,0.004557785
1,21.6,28.5,0,911.3333333,0.00454814
1,21.6,28.5,0,905.3333333,0.00454814
1,21.6,28.5,0,904.2,0.00454814
1,21.6,28.5,0,899.6666667,0.00454814
1,21.6,28.478,0,898.2,0.004544603
1,21.6,28.4725,0,898.25,0.004543719
1,21.6,28.39,0,895,0.004530458
1,21.6,28.39,0,891.6666667,0.004530458
1,21.58,28.35,0,887.4,0.004518455
1,21.6,28.29,0,885.3333333,0.004514384
1,21.56,28.29,0,876.4,0.004503267
1,21.53333333,28.29,0,871.3333333,0.00449587
1,21.5,28.29,0,863.5,0.004486638
1,21.5,28.2675,0,865.25,0.004483043
1,21.5,28.23,0,859.6666667,0.004477053
1,21.5,28.26,0,858.6666667,0.004481845
1,21.5,28.2,0,852.25,0.004472261
1,21.5,28.175,0,849.25,0.004468268
1,21.5,28.1,0,849,0.004456289
1,21.5,28.1,0,845,0.004456289
1,21.5,28.1,0,844.5,0.004456289
1,21.5,28.05,0,843.75,0.004448303
1,21.5,28.075,0,842,0.004452296
1,21.5,28.1,0,833.2,0.004456289
1,21.5,28.03333333,0,832.6666667,0.004445641
1,21.4175,27.945,0,825.25,0.004409037
1,21.39,27.89,0,820.3333333,0.004392837
1,21.4175,27.9175,0,824.5,0.004404668
1,21.39,27.89,0,819.25,0.004392837
1,21.39,27.89,0,820.2,0.004392837
1,21.39,27.89,0,817.6666667,0.004392837
1,21.365,27.89,0,808,0.004386064
1,21.39,27.79,0,806.6666667,0.004376975
1,21.39,27.85666667,0,804.6666667,0.00438755
1,21.29,27.85,0,803.8,0.004359494
1,21.29,27.79,0,806,0.004350036
1,21.29,27.79,0,801.5,0.004350036
1,21.34,27.79,0,802,0.004363488
1,21.29,27.79,0,803.6666667,0.004350036
1,21.29,27.79,0,800,0.004350036
1,21.29,27.79,0,795,0.004350036
1,21.29,27.79,0,785,0.004350036
1,21.29,27.79,0,781,0.004350036
1,21.29,27.79,0,782,0.004350036
1,21.29,27.7675,0,778,0.00434649
1,21.29,27.79,0,772.5,0.004350036
1,21.245,27.745,0,770.75,0.004330888
1,21.218,27.718,0,769,0.004319433
1,21.23,27.7,0,767,0.00431981
1,21.2,27.7,0,764,0.004311809
1,21.2,27.7,0,765.25,0.004311809
1,21.2,27.65,0,765,0.004303972
1,21.2,27.6,0,766,0.004296136
1,21.2,27.6,0,758.5,0.004296136
1,21.2,27.575,0,749.75,0.004292217
1,21.2,27.6,0,749,0.004296136
1,21.2,27.54,0,747.8,0.004286732
1,21.2,27.5,0,744,0.004280463
1,21.2,27.5,0,746.4,0.004280463
1,21.2,27.4725,0,750.5,0.004276153
1,21.2,27.5,0,747,0.004280463
1,21.2,27.4725,0,750,0.004276153
1,21.2,27.365,0,742.75,0.004259306
1,21.2,27.34,0,737.75,0.004255388
1,21.2,27.34,0,736.25,0.004255388
1,21.2,27.29,0,738.25,0.004247552
1,21.2,27.29,0,732.3333333,0.004247552
1,21.2,27.29,0,725.4,0.004247552
1,21.2,27.2675,0,729.25,0.004244027
1,21.2,27.245,0,727,0.004240501
1,21.2,27.245,0,716.75,0.004240501
1,21.2,27.2,0,715.6666667,0.004233449
1,21.2,27.2,0,712.25,0.004233449
1,21.2,27.2,0,719,0.004233449
1,21.2,27.15,0,714.25,0.004225614
1,21.2,27.14,0,711.4,0.004224047
1,21.2,27.1,0,702.75,0.004217779
1,21.2,27.1,0,701,0.004217779
1,21.2,27.1,0,703.6666667,0.004217779
1,21.2,27.025,0,707.25,0.004206028
1,21.2,27,0,703.75,0.00420211
1,21.2,27,0,699.5,0.00420211
1,21.2,27,0,697.5,0.00420211
1,21.2,27,0,696.6666667,0.00420211
1,21.2,27,0,692.75,0.00420211
1,21.2,27,0,692.6,0.00420211
1,21.2,26.85666667,0,695.3333333,0.004179653
1,21.2,26.89,0,690.5,0.004184876
1,21.2,26.89,0,689.5,0.004184876
1,21.2,26.89,0,692.3333333,0.004184876
1,21.2,26.815,0,691.5,0.004173125
1,21.2,26.79,0,687.6,0.004169208
1,21.16666667,26.79,0,682.3333333,0.00416063
1,21.2,26.79,0,677.6666667,0.004169208
1,21.16,26.79,0,677.8,0.004158916
1,21.2,26.79,0,684.3333333,0.004169208
1,21.15,26.79,0,682.5,0.004156346
1,21.175,26.79,0,675,0.004162773
1,21.125,26.79,0,669.25,0.004149928
1,21.2,26.745,0,668.5,0.004162158
1,21.15,26.7,0,671.25,0.00414229
1,21.1,26.7,0,674.3333333,0.004129507
1,21.125,26.675,0,673,0.004131996
1,21.125,26.6,0,671.5,0.004120301
1,21.125,26.625,0,670.5,0.004124199
1,21.1,26.625,0,669.75,0.00411783
1,21.1,26.6,0,663.5,0.004113938
1,21.1,26.6,0,665,0.004113938
1,21.1,26.6,0,661.5,0.004113938
1,21.1,26.6,0,657.75,0.004113938
1,21.1,26.6,0,652.75,0.004113938
1,21.1,26.6,0,653.25,0.004113938
1,21.1,26.6,0,656.75,0.004113938
1,21.1,26.6,0,651,0.004113938
1,21.1,26.575,0,648.5,0.004110046
1,21.1,26.55,0,652.25,0.004106154
1,21.1,26.5,0,642.25,0.00409837
1,21.1,26.5,0,643.75,0.00409837
1,21.075,26.4725,0,649.6666667,0.004087765
1,21.1,26.5,0,649.5,0.00409837
1,21.06,26.412,0,646.6,0.004074581
1,21.06666667,26.46333333,0,643,0.004084235
1,21.08,26.478,0,640.4,0.004089885
1,21.075,26.39,0,640.75,0.004074943
1,21.075,26.4175,0,636.75,0.004079217
1,21.05,26.39,0,634.75,0.004068648
1,21.075,26.4175,0,633.75,0.004079217
1,21,26.29,0,632,0.004040614
1,21,26.29,0,626.5,0.004040614
1,21.03333333,26.32333333,0,628.6666667,0.004054121
1,21.025,26.315,0,629.5,0.004050741
1,21.05,26.34,0,630.5,0.004060889
1,21.025,26.315,0,631.5,0.004050741
1,21.025,26.315,0,629.5,0.004050741
1,21.05,26.29,0,627,0.00405313
1,21,26.2675,0,624.5,0.004037133
1,21,26.26,0,625.6666667,0.004035973
1,21,26.29,0,624.5,0.004040614
1,21,26.236,0,622,0.00403226
1,21,26.2675,0,622.75,0.004037133
1,21,26.2,0,619.25,0.004026692
1,21,26.2,0,616,0.004026692
1,21,26.2,0,617.25,0.004026692
1,21,26.2,0,616.4,0.004026692
1,21,26.16666667,0,616.6666667,0.004021535
1,21,26.125,0,614.75,0.00401509
1,21,26.125,0,611.3333333,0.00401509
1,21,26.1,0,613.6,0.004011223
1,21,26.15,0,608.75,0.004018957
1,21,26.1,0,611,0.004011223
1,21,26.1,0,612,0.004011223
1,21,26.1,0,608.8,0.004011223
1,21,26.1,0,612,0.004011223
1,21,26.1,0,604.5,0.004011223
1,21,26,0,607,0.003995756
1,21,26,0,614.75,0.003995756
1,21,26,0,612.25,0.003995756
1,21,26,0,607.5,0.003995756
1,21,26,0,602.6666667,0.003995756
1,21,26,0,605.25,0.003995756
1,21,26,0,606,0.003995756
1,21,26,0,602.25,0.003995756
1,21,25.956,0,600.5,0.003988951
1,21,26,0,600.5,0.003995756
1,21,26,0,601,0.003995756
1,21,25.934,0,600.4,0.003985548
1,21,25.89,0,604.3333333,0.003978743
1,21,25.89,0,606,0.003978743
1,20.96333333,25.89,0,602,0.003969727
1,21,25.89,0,596,0.003978743
1,21,25.89,0,596.3333333,0.003978743
1,21,25.89,0,594,0.003978743
1,20.945,25.89,0,596.5,0.003965226
1,20.96333333,25.89,0,596,0.003969727
1,20.9725,25.815,0,597.5,0.0039604
1,21,25.815,0,594.25,0.003967143
1,21,25.815,0,591.5,0.003967143
1,20.978,25.83,0,594.2,0.003964064
1,20.96333333,25.79,0,588.6666667,0.003954296
1,20.92666667,25.79,0,585.3333333,0.003945334
1,20.945,25.79,0,585,0.003949813
1,20.945,25.79,0,582.25,0.003949813
1,20.89,25.79,0,580.75,0.003936389
1,20.9175,25.745,0,585,0.003936172
1,20.89,25.7225,0,584.5,0.003926022
1,20.96333333,25.7,0,583.3333333,0.00394041
1,20.89,25.7,0,584,0.003922566
1,20.912,25.7,0,581.8,0.003927911
1,20.89,25.7,0,576.6666667,0.003922566
1,20.89,25.7,0,579.3333333,0.003922566
1,20.89,25.7,0,581.75,0.003922566
1,20.89,25.7,0,582.75,0.003922566
1,20.89,25.7,0,579.8,0.003922566
1,20.9175,25.7,0,578.5,0.003929249
1,20.89,25.7,0,578.5,0.003922566
1,20.89,25.7,0,580.5,0.003922566
1,20.89,25.7,0,577.8,0.003922566
1,20.89,25.7,0,582.75,0.003922566
1,20.89,25.7,0,584.4,0.003922566
1,20.89,25.6,0,582.6666667,0.003907207
1,20.865,25.575,0,578.25,0.00389733
1,20.89,25.6,0,575.6666667,0.003907207
1,20.89,25.6,0,577.25,0.003907207
1,20.87,25.58,0,577.2,0.003899304
1,20.89,25.6,0,572.75,0.003907207
1,20.89,25.6,0,576.5,0.003907207
1,20.89,25.525,0,579.3333333,0.003895688
1,20.89,25.525,0,571.6,0.003895688
1,20.89,25.5,0,573,0.003891849
1,20.89,25.5,0,573.5,0.003891849
1,20.89,25.5,0,572.75,0.003891849
1,20.89,25.5,0,573.6,0.003891849
1,20.89,25.5,0,571.5,0.003891849
1,20.85666667,25.46333333,0,573.3333333,0.003878206
1,20.89,25.4725,0,570.75,0.003887626
1,20.89,25.39,0,568,0.003874956
1,20.89,25.4175,0,573,0.003879179
1,20.89,25.39,0,569.6666667,0.003874956
1,20.89,25.39,0,575.2,0.003874956
1,20.89,25.39,0,578,0.003874956
1,20.89,25.39,0,572.75,0.003874956
1,20.89,25.39,0,569.6,0.003874956
1,20.85666667,25.35666667,0,566.3333333,0.003861859
1,20.85666667,25.35666667,0,567.3333333,0.003861859
1,20.865,25.365,0,570.25,0.00386513
1,20.89,25.39,0,575,0.003874956
1,20.89,25.37,0,570.2,0.003871885
1,20.89,25.35666667,0,565.3333333,0.003869837
1,20.89,25.29,0,569.25,0.003859599
1,20.89,25.315,0,567.25,0.003863439
1,20.89,25.29,0,567.5,0.003859599
1,20.865,25.2675,0,566,0.003850181
1,20.89,25.29,0,565.75,0.003859599
1,20.89,25.2675,0,564.5,0.003856144
1,20.89,25.218,0,562.6,0.003848543
1,20.89,25.29,0,561.3333333,0.003859599
1,20.89,25.29,0,561,0.003859599
1,20.89,25.29,0,566.75,0.003859599
1,20.9175,25.245,0,563.75,0.003859253
1,20.89,25.2,0,566.75,0.003845779
1,20.89,25.218,0,563.4,0.003848543
1,20.89,25.2,0,564.25,0.003845779
1,20.89,25.2225,0,562.75,0.003849234
1,20.9175,25.2,0,560,0.003852331
1,20.89,25.2,0,558.75,0.003845779
1,20.89,25.2,0,558.5,0.003845779
1,20.89,25.2,0,558.3333333,0.003845779
1,20.89,25.2,0,561.4,0.003845779
1,20.89,25.2,0,558.25,0.003845779
1,20.89,25.2,0,557.2,0.003845779
1,20.89,25.2,0,559.6666667,0.003845779
1,20.89,25.13333333,0,561,0.003835543
1,20.89,25.16,0,563.4,0.003839637
1,20.9175,25.125,0,559.75,0.003840795
1,20.9175,25.1,0,559,0.003836949
1,20.9175,25.1,0,561,0.003836949
1,20.89,25.1,0,563.25,0.003830424
1,20.89,25.1,0,560.75,0.003830424
1,20.89,25.1,0,558,0.003830424
1,20.89,25.08,0,556.8,0.003827353
1,20.89,25.125,0,556,0.003834263
1,20.89,25.1,0,558,0.003830424
1,20.89,25.08,0,556.8,0.003827353
1,20.89,25.06666667,0,557,0.003825306
1,20.89,25,0,556.8,0.00381507
1,20.89,25.025,0,548.5,0.003818909
1,20.89,25.05,0,550,0.003822747
1,20.89,25,0,554,0.00381507
1,20.89,25.025,0,555.25,0.003818909
1,20.89,25,0,555.5,0.00381507
1,20.89,25,0,556.75,0.00381507
1,20.89,25,0,558,0.00381507
1,20.89,25,0,558,0.00381507
1,20.89,25,0,558.25,0.00381507
1,20.89,25,0,556.25,0.00381507
1,20.89,25,0,554.5,0.00381507
1,20.89,25,0,555.25,0.00381507
1,20.89,25,0,558,0.00381507
1,20.89,25,0,554.3333333,0.00381507
1,20.89,25,0,549.75,0.00381507
1,20.89,24.9725,0,558.5,0.003810848
1,20.865,24.92,0,558.25,0.003796907
1,20.89,24.9175,0,558.25,0.003802403
1,20.89,24.9725,0,547.25,0.003810848
1,20.89,24.945,0,553.75,0.003806626
1,20.89,24.89,0,547.75,0.003798181
1,20.89,24.89,0,547.25,0.003798181
1,20.89,24.89,0,551.5,0.003798181
1,20.89,24.89,0,554,0.003798181
1,20.89,24.89,0,550,0.003798181
1,20.89,24.92666667,0,553.6666667,0.003803811
1,20.89,24.934,0,552.4,0.003804937
1,20.89,24.92666667,0,554,0.003803811
1,20.83,24.87,0,547,0.00378104
1,20.89,24.89,0,542.3333333,0.003798181
1,20.84,24.8925,0,544.75,0.003786825
1,20.89,24.945,0,547,0.003806626
1,20.865,24.865,0,552.75,0.003788476
1,20.89,25,0,556,0.00381507
1,20.87,24.934,0,551.6,0.003800229
1,20.84,24.92,0,553,0.003791034
1,20.89,24.9725,0,551.25,0.003810848
1,20.85666667,24.92666667,0,552.6666667,0.00379597
1,20.865,24.9725,0,553.75,0.003804955
1,20.85666667,24.85666667,0,545.6666667,0.003785245
1,20.865,24.9175,0,547.75,0.003796523
1,20.89,24.912,0,548.4,0.003801559
1,20.89,24.92666667,0,549.3333333,0.003803811
1,20.89,25,0,549.3333333,0.00381507
1,20.865,24.8925,0,545.5,0.003792691
1,20.89,24.92666667,0,543,0.003803811
1,20.89,24.978,0,545.6,0.003811692
1,20.85,24.956,0,547.6,0.003798896
1,20.89,25,0,548.6666667,0.00381507
1,20.89,25,0,542.75,0.00381507
1,20.87,24.978,0,537.2,0.003806976
1,20.85666667,24.92666667,0,541.3333333,0.00379597
1,20.865,24.9725,0,545.25,0.003804955
1,20.83,24.934,0,541.25,0.003790829
1,20.82333333,24.92666667,0,535.5,0.003788143
1,20.89,25,0,536.5,0.00381507
1,20.87,24.978,0,543.8,0.003806976
1,20.84,24.92,0,542,0.003791034
1,20.84,24.945,0,537.25,0.003794861
1,20.82333333,24.92666667,0,538,0.003788143
1,20.82333333,24.92666667,0,542,0.003788143
1,20.81,24.912,0,542,0.003782776
1,20.79,24.89,0,545.3333333,0.003774736
1,20.865,24.9725,0,543.25,0.003804955
1,20.85666667,24.93,0,539,0.003796481
1,20.84,24.945,0,540.75,0.003794861
1,20.79,24.9175,0,538,0.003778932
1,20.79,24.89,0,538,0.003774736
1,20.79,24.92666667,0,538.6666667,0.003780331
1,20.81,24.956,0,541.6,0.003789498
1,20.79,24.89,0,537.5,0.003774736
1,20.79,24.978,0,537.2,0.003788163
1,20.79,24.96333333,0,541,0.003785925
1,20.79,25,0,534,0.00379152
1,20.79,25,0,532,0.00379152
1,20.84,25,0,531.75,0.003803279
1,20.79,25,0,532.8,0.00379152
1,20.79,25,0,532,0.00379152
1,20.82333333,24.92666667,0,533.6666667,0.003788143
1,20.79,25,0,531.75,0.00379152
1,20.79,25,0,534.4,0.00379152
1,20.79,25,0,535.6666667,0.00379152
1,20.79,25,0,529.75,0.00379152
1,20.79,25,0,532,0.00379152
1,20.79,25,0,531.3333333,0.00379152
1,20.79,25,0,529.75,0.00379152
1,20.79,25,0,528.75,0.00379152
1,20.79,25,0,528.25,0.00379152
1,20.79,25,0,526,0.00379152
1,20.79,25,0,526.5,0.00379152
1,20.79,24.96333333,0,529.3333333,0.003785925
1,20.815,24.945,0,528.25,0.00378899
1,20.81,24.934,0,526.8,0.003786137
1,20.79,24.9725,0,525.5,0.003787324
1,20.79,24.96333333,0,524.6666667,0.003785925
1,20.79,24.89,0,523,0.003774736
1,20.79,24.89,0,526,0.003774736
1,20.79,24.9725,0,523.25,0.003787324
1,20.79,24.89,0,524.3333333,0.003774736
1,20.79,24.89,0,521.5,0.003774736
1,20.79,24.912,0,518.6,0.003778093
1,20.79,24.89,0,520.75,0.003774736
1,20.79,24.89,0,527.6666667,0.003774736
1,20.79,24.945,0,526,0.003783128
1,20.79,24.956,0,519.6,0.003784806
1,20.79,24.96333333,0,518.3333333,0.003785925
1,20.79,24.9725,0,520.5,0.003787324
1,20.79,24.945,0,521.75,0.003783128
1,20.79,24.89,0,523,0.003774736
1,20.79,24.89,0,520.3333333,0.003774736
1,20.79,24.89,0,519,0.003774736
1,20.79,24.945,0,516.25,0.003783128
1,20.79,25,0,518.6,0.00379152
1,20.79,25,0,519.3333333,0.00379152
1,20.76,25,0,515.3333333,0.00378448
1,20.772,25,0,516.4,0.003787295
1,20.745,25,0,519.5,0.003780964
1,20.7675,25,0,522.25,0.003786239
1,20.7675,25,0,514.75,0.003786239
1,20.7675,25,0,513.75,0.003786239
1,20.79,25,0,515,0.00379152
1,20.79,25,0,519,0.00379152
1,20.772,25,0,518.8,0.003787295
1,20.79,25,0,517.3333333,0.00379152
1,20.73,25.06666667,0,509.75,0.003787586
1,20.718,25.04,0,513.6,0.00378072
1,20.73,25.06666667,0,511,0.003787586
1,20.718,25.1,0,512.4,0.003789834
1,20.7,25.075,0,515.5,0.003781815
1,20.736,25.1,0,511.8,0.003794064
1,20.73,25.1,0,511.6666667,0.003792653
1,20.7,25.05,0,509.75,0.003778021
1,20.73,25.1,0,513,0.003792653
1,20.7,25.1,0,508.5,0.003785608
1,20.7,25.1,0,510,0.003785608
1,20.7,25.1,0,509.6666667,0.003785608
1,20.7,25.1,0,508.5,0.003785608
1,20.7,25.1,0,511.25,0.003785608
1,20.7,25.1,0,513.3333333,0.003785608
1,20.7,25.1,0,509.5,0.003785608
1,20.7,25.1,0,509,0.003785608
1,20.7,25.1,0,509,0.003785608
1,20.7,25.1,0,510.5,0.003785608
1,20.7,25.1,0,512,0.003785608
1,20.7,25.1,0,509,0.003785608
1,20.68,25.12,0,508,0.003783949
1,20.7,25.125,0,502.25,0.003789402
1,20.675,25.1,0,502.5,0.003779746
1,20.7,25.1,0,505.5,0.003785608
1,20.7,25.1,0,505.5,0.003785608
1,20.7,25.1,0,500.25,0.003785608
1,20.68,25.1,0,500,0.003780918
1,20.66666667,25.1,0,499,0.003777793
1,20.7,25.1,0,501.25,0.003785608
1,20.7,25.1,0,501,0.003785608
1,20.7,25.1,0,502,0.003785608
1,20.7,25.1,0,496.25,0.003785608
1,20.7,25.1,0,495.8,0.003785608
1,20.66,25.1,0,497.8,0.003776232
1,20.63333333,25.1,0,497,0.003769993
1,20.625,25.1,0,497.25,0.003768045
1,20.675,25.175,0,503.25,0.003791109
1,20.675,25.125,0,500,0.003783533
1,20.7,25.1,0,494.75,0.003785608
1,20.7,25.1,0,492.3333333,0.003785608
1,20.7,25.1,0,492.75,0.003785608
1,20.7,25.1,0,497,0.003785608
1,20.65,25.075,0,498.5,0.00377011
1,20.7,25.1,0,498.75,0.003785608
1,20.675,25.075,0,498.75,0.003775958
1,20.7,25.1,0,495.3333333,0.003785608
1,20.675,25.075,0,490.75,0.003775958
1,20.7,25.1,0,487.75,0.003785608
1,20.65,25.05,0,491.75,0.003766328
1,20.7,25.1,0,491.25,0.003785608
1,20.7,25.1,0,493.5,0.003785608
1,20.7,25.1,0,493.3333333,0.003785608
1,20.7,25,0,493.25,0.003770435
1,20.7,25,0,491,0.003770435
1,20.7,25,0,492,0.003770435
1,20.7,25,0,496,0.003770435
1,20.7,25,0,493,0.003770435
1,20.7,25,0,491.25,0.003770435
1,20.7,25,0,494,0.003770435
1,20.7,25,0,494.2,0.003770435
1,20.7,25,0,493.75,0.003770435
1,20.7,25,0,495.75,0.003770435
1,20.7,25,0,492.25,0.003770435
1,20.7,25,0,486.5,0.003770435
1,20.7,25,0,493.3333333,0.003770435
1,20.7,25,0,494.75,0.003770435
1,20.7,25,0,490,0.003770435
1,20.7,25,0,490.5,0.003770435
1,20.7,25,0,490.25,0.003770435
1,20.7,25,0,498.25,0.003770435
1,20.7,25,0,499,0.003770435
1,20.7,24.96333333,0,493,0.003764871
1,20.7,24.98166667,0,484.8333333,0.003767653
1,20.7,24.9725,0,480,0.003766262
1,20.7,24.9725,0,478.75,0.003766262
1,20.7,25,0,483.3333333,0.003770435
1,20.7,25,0,480.2,0.003770435
1,20.7,24.89,0,483.3333333,0.003753745
1,20.7,24.89,0,487,0.003753745
1,20.7,24.85,0,485.2,0.003747676
1,20.7,24.89,0,480.6666667,0.003753745
1,20.7,24.84,0,480.25,0.003746158
1,20.7,24.79,0,486,0.003738573
1,20.7,24.865,0,485.75,0.003749952
1,20.7,24.815,0,483,0.003742366
1,20.7,24.87,0,483.6,0.00375071
1,20.7,24.79,0,489.3333333,0.003738573
1,20.7,24.79,0,486.75,0.003738573
1,20.7,24.79,0,483.5,0.003738573
1,20.7,24.79,0,482,0.003738573
1,20.745,24.79,0,481.5,0.003749013
1,20.7,24.79,0,488.25,0.003738573
1,20.7,24.79,0,486.3333333,0.003738573
1,20.7,24.79,0,480.6,0.003738573
1,20.7,24.79,0,485.6666667,0.003738573
1,20.7,24.79,0,484.8,0.003738573
1,20.7,24.79,0,481,0.003738573
1,20.7,24.79,0,486.5,0.003738573
1,20.7,24.79,0,488,0.003738573
1,20.7,24.79,0,481.6666667,0.003738573
1,20.7,24.79,0,481,0.003738573
1,20.7,24.754,0,483,0.003733111
1,20.7,24.7675,0,485,0.003735159
1,20.7,24.76,0,475.6666667,0.003734021
1,20.7,24.7225,0,478.5,0.003728332
1,20.7,24.7,0,482.8,0.003724918
1,20.7,24.7,0,482.3333333,0.003724918
1,20.7,24.675,0,481.5,0.003721126
1,20.7,24.675,0,479.25,0.003721126
1,20.7,24.6,0,478.3333333,0.003709748
1,20.7,24.6,0,477.5,0.003709748
1,20.7,24.6,0,480.25,0.003709748
1,20.7,24.65,0,481.5,0.003717333
1,20.7,24.65,0,481.25,0.003717333
1,20.7,24.66,0,481.75,0.00371885
1,20.7,24.7,0,479,0.003724918
1,20.7,24.65,0,482.75,0.003717333
1,20.7,24.66666667,0,485.6666667,0.003719861
1,20.7,24.63333333,0,484,0.003714805
1,20.7,24.6,0,479.5,0.003709748
1,20.7,24.6,0,479.75,0.003709748
1,20.7,24.6,0,480.75,0.003709748
1,20.7,24.63333333,0,475.3333333,0.003714805
1,20.7,24.7,0,475.6666667,0.003724918
1,20.7,24.6,0,477.25,0.003709748
1,20.7,24.6,0,478.5,0.003709748
1,20.7,24.64,0,479.6,0.003715816
1,20.7,24.6,0,475.6666667,0.003709748
1,20.7,24.6,0,479.3333333,0.003709748
1,20.7,24.6,0,478.5,0.003709748
1,20.7,24.62857143,0,476.8571429,0.003714082
1,20.7,24.63333333,0,477.3333333,0.003714805
1,20.7,24.625,0,475.25,0.00371354
1,20.7,24.6,0,479.6666667,0.003709748
1,20.7,24.6,0,482,0.003709748
1,20.7,24.6,0,475.8,0.003709748
1,20.7,24.6,0,477.3333333,0.003709748
1,20.7,24.6,0,475.25,0.003709748
1,20.7,24.6,0,477.25,0.003709748
1,20.7,24.6,0,478.6666667,0.003709748
1,20.7,24.6,0,476.75,0.003709748
1,20.7,24.6,0,472.5,0.003709748
1,20.7,24.6,0,471.6,0.003709748
1,20.7,24.6,0,474.75,0.003709748
1,20.7,24.6,0,475.6666667,0.003709748
1,20.7,24.6,0,473.2,0.003709748
1,20.7,24.6,0,467,0.003709748
1,20.7,24.6,0,466,0.003709748
1,20.7,24.6,0,465.25,0.003709748
1,20.7,24.6,0,471,0.003709748
1,20.7,24.6,0,471.5,0.003709748
1,20.7,24.6,0,476.5,0.003709748
1,20.7,24.6,0,472.75,0.003709748
1,20.7,24.6,0,470.75,0.003709748
1,20.7,24.575,0,466.75,0.003705955
1,20.7,24.5,0,463.75,0.003694578
1,20.7,24.53333333,0,469,0.003699635
1,20.7,24.575,0,472.25,0.003705955
1,20.7,24.6,0,475.4,0.003709748
1,20.7,24.5,0,474.25,0.003694578
1,20.7,24.5,0,470.25,0.003694578
1,20.7,24.53333333,0,478,0.003699635
1,20.7,24.56,0,469.4,0.00370368
1,20.7,24.53333333,0,468.3333333,0.003699635
1,20.7,24.6,0,469.25,0.003709748
1,20.7,24.6,0,468,0.003709748
1,20.7,24.6,0,473,0.003709748
1,20.7,24.56666667,0,474.3333333,0.003704691
1,20.7,24.5,0,475.75,0.003694578
1,20.7,24.5,0,473.5,0.003694578
1,20.7,24.5,0,474.75,0.003694578
1,20.7,24.5,0,472,0.003694578
1,20.7,24.5,0,468.25,0.003694578
1,20.7,24.5,0,471.5,0.003694578
1,20.7,24.5,0,469,0.003694578
1,20.7,24.5,0,468,0.003694578
1,20.7,24.5,0,471.5,0.003694578
1,20.7,24.5,0,469.6,0.003694578
1,20.7,24.5,0,466.6,0.003694578
1,20.7,24.5,0,462.6666667,0.003694578
1,20.7,24.5,0,461.3333333,0.003694578
1,20.7,24.5,0,463.75,0.003694578
1,20.7,24.5,0,466.25,0.003694578
1,20.7,24.5,0,468.25,0.003694578
1,20.7,24.5,0,470.6,0.003694578
1,20.7,24.5,0,467.6666667,0.003694578
1,20.7,24.5,0,469,0.003694578
1,20.7,24.5,0,464.25,0.003694578
1,20.7,24.5,0,468,0.003694578
1,20.7,24.5,0,468.75,0.003694578
1,20.7,24.5,0,472.3333333,0.003694578
1,20.7,24.5,0,468.6666667,0.003694578
1,20.7,24.5,0,467.6666667,0.003694578
1,20.7,24.5,0,462.3333333,0.003694578
1,20.7,24.5,0,463.5,0.003694578
1,20.7,24.5,0,467.4,0.003694578
1,20.7,24.5,0,465.6666667,0.003694578
1,20.7,24.5,0,465.75,0.003694578
1,20.7,24.5,0,469.75,0.003694578
1,20.7,24.5,0,463.3333333,0.003694578
1,20.62,24.412,0,462.6,0.003663017
1,20.7,24.5,0,468.25,0.003694578
1,20.7,24.5,0,469.25,0.003694578
1,20.675,24.4725,0,469,0.003684692
1,20.66666667,24.46333333,0,471.3333333,0.003681402
1,20.625,24.4175,0,467.75,0.003664984
1,20.7,24.5,0,459,0.003694578
1,20.68,24.478,0,464.6,0.003686668
1,20.66666667,24.46333333,0,467.6666667,0.003681402
1,20.7,24.5,0,473.25,0.003694578
1,20.7,24.5,0,471,0.003694578
1,20.675,24.4725,0,465.75,0.003684692
1,20.7,24.5,0,461.5,0.003694578
1,20.675,24.4725,0,464.5,0.003684692
1,20.7,24.5,0,464.8,0.003694578
1,20.63333333,24.42666667,0,468.3333333,0.003668263
1,20.66666667,24.46333333,0,464.3333333,0.003681402
1,20.6,24.39,0,463.2,0.003655161
1,20.66666667,24.46333333,0,465.3333333,0.003681402
1,20.675,24.4725,0,464.25,0.003684692
1,20.64,24.434,0,460,0.003670888
1,20.7,24.5,0,461,0.003694578
1,20.66666667,24.46333333,0,467,0.003681402
1,20.64,24.434,0,462.2,0.003670888
1,20.6,24.39,0,459.75,0.003655161
1,20.65,24.445,0,455.25,0.003674828
1,20.625,24.4175,0,455.25,0.003664984
1,20.6,24.39,0,461.3333333,0.003655161
1,20.6,24.39,0,465.25,0.003655161
1,20.6,24.39,0,464.75,0.003655161
1,20.6,24.39,0,464.8,0.003655161
1,20.6,24.39,0,463.5,0.003655161
1,20.625,24.4175,0,463.5,0.003664984
1,20.6,24.39,0,465.6666667,0.003655161
1,20.625,24.4175,0,464.5,0.003664984
1,20.62,24.412,0,467.6,0.003663017
1,20.625,24.4175,0,459.5,0.003664984
1,20.625,24.4175,0,457.5,0.003664984
1,20.6,24.39,0,463.3333333,0.003655161
1,20.6,24.39,0,465,0.003655161
1,20.6,24.39,0,468.25,0.003655161
1,20.6,24.39,0,465,0.003655161
1,20.6,24.39,0,464.5,0.003655161
1,20.6,24.34,0,465.5,0.003647623
1,20.6,24.39,0,465.75,0.003655161
1,20.6,24.39,0,469.75,0.003655161
1,20.6,24.39,0,468.2,0.003655161
1,20.6,24.365,0,463.5,0.003651392
1,20.6,24.34,0,461.5,0.003647623
1,20.6,24.39,0,464,0.003655161
1,20.6,24.365,0,464,0.003651392
1,20.61666667,24.32333333,0,466.5,0.003648881
1,20.63333333,24.32333333,0,461,0.003652654
1,20.625,24.315,0,459.25,0.003649509
1,20.66,24.312,0,459.6,0.003656983
1,20.6,24.2,0,460.3333333,0.003626521
1,20.6,24.2,0,458.5,0.003626521
1,20.6,24.2,0,460,0.003626521
1,20.625,24.2925,0,464.5,0.003646112
1,20.62,24.236,0,467.2,0.003636454
1,20.6,24.2,0,456,0.003626521
1,20.6,24.2,0,459.5,0.003626521
1,20.6,24.2,0,460.3333333,0.003626521
1,20.6,24.2,0,462.2,0.003626521
1,20.6,24.2,0,460.5,0.003626521
1,20.6,24.2,0,464.25,0.003626521
1,20.63333333,24.23,0,464.3333333,0.003638556
1,20.6,24.2,0,465.75,0.003626521
1,20.6,24.2,0,463.5,0.003626521
1,20.6,24.2,0,466.2,0.003626521
1,20.6,24.2,0,466.25,0.003626521
1,20.6,24.2,0,466,0.003626521
1,20.6,24.2,0,463.25,0.003626521
1,20.575,24.2,0,466.75,0.003620902
1,20.6,24.2,0,467.6666667,0.003626521
1,20.6,24.2,0,463.5,0.003626521
1,20.6,24.2,0,459.25,0.003626521
1,20.6,24.2,0,463.25,0.003626521
1,20.575,24.2,0,463,0.003620902
1,20.53333333,24.2,0,459.3333333,0.003611554
1,20.55,24.2,0,463,0.00361529
1,20.575,24.2,0,460.75,0.003620902
1,20.56,24.2,0,462.4,0.003617534
1,20.52,24.2,0,464,0.003608567
1,20.53333333,24.2,0,462.6666667,0.003611554
1,20.55,24.2,0,467,0.00361529
1,20.6,24.2,0,468,0.003626521
1,20.6,24.1,0,463.25,0.003611448
1,20.6,24.175,0,462.5,0.003622752
1,20.6,24.1,0,467.75,0.003611448
1,20.66666667,24.16666667,0,467.6666667,0.003636496
1,20.6,24.1,0,466.25,0.003611448
1,20.6,24.1,0,466.5,0.003611448
1,20.6,24.1,0,467.5,0.003611448
1,20.6,24.1,0,464.5,0.003611448
1,20.6,24.1,0,460.5,0.003611448
1,20.6,24.03333333,0,457,0.0036014
1,20.6,24.08,0,459.4,0.003608433
1,20.63333333,24.06666667,0,465,0.003613886
1,20.6,24.05,0,465.75,0.003603912
1,20.625,24.05,0,468.75,0.003609503
1,20.6,24,0,463.5,0.003596376
1,20.6,24.05,0,463.25,0.003603912
1,20.6,24,0,466.3333333,0.003596376
1,20.6,24.02,0,467.8,0.00359939
1,20.575,24.075,0,463.25,0.00360209
1,20.525,24.1,0,468.75,0.003594685
1,20.56666667,24.1,0,465,0.003603989
1,20.525,24.1,0,464.75,0.003594685
1,20.54,24.1,0,466.4,0.003598032
1,20.5,24.1,0,467,0.003589112
1,20.5,24.15,0,466.75,0.003596602
1,20.525,24.1,0,468.75,0.003594685
1,20.5,24.2,0,468.6666667,0.003604091
1,20.5,24.2,0,466.75,0.003604091
1,20.5,24.2,0,462.5,0.003604091
1,20.525,24.1,0,465.5,0.003594685
1,20.54,24.1,0,463.8,0.003598032
1,20.5,24.1,0,467.3333333,0.003589112
1,20.56666667,24.1,0,466.75,0.003603989
1,20.5,24.1,0,466.8,0.003589112
1,20.5,24.1,0,464,0.003589112
1,20.52,24.1,0,461.4,0.00359357
1,20.5,24.1,0,464.6666667,0.003589112
1,20.5,24.1,0,465.5,0.003589112
1,20.5,24.1,0,467.6666667,0.003589112
1,20.5,24.1,0,473.5,0.003589112
1,20.52,24.1,0,469.8,0.00359357
1,20.5,24.1,0,469.6666667,0.003589112
1,20.5,24.1,0,470.6,0.003589112
1,20.5,24.1,0,468,0.003589112
1,20.5,24.1,0,468.5,0.003589112
1,20.5,24.1,0,470,0.003589112
1,20.4725,24.05,0,472.75,0.003575515
1,20.5,24.075,0,466.75,0.003585368
1,20.4725,24.0225,0,466,0.003571403
1,20.42666667,23.96,0,467.3333333,0.003551937
1,20.4725,23.9975,0,468.5,0.003567665
1,20.456,23.956,0,470.8,0.003557814
1,20.5,24,0,472,0.003574134
1,20.478,23.978,0,470,0.003565967
1,20.445,23.945,0,466.6666667,0.003553743
1,20.5,24,0,461.4,0.003574134
1,20.39,23.89,0,462.6666667,0.003533446
1,20.4725,23.89,0,464.75,0.003551592
1,20.5,23.89,0,473.5,0.003557659
1,20.456,23.85,0,472.5,0.003541982
1,20.42666667,23.82333333,0,473,0.003531562
1,20.46333333,23.85666667,0,473,0.003544591
1,20.445,23.82333333,0,469.8333333,0.003535584
1,20.445,23.8175,0,469.25,0.003534713
1,20.4175,23.7475,0,471.75,0.003518253
1,20.42666667,23.76,0,472.6666667,0.00352212
1,20.4175,23.7225,0,471.5,0.003514529
1,20.4725,23.7675,0,471,0.003533277
1,20.39,23.7,0,472,0.003505185
1,20.434,23.736,0,468.8,0.003520145
1,20.42666667,23.73,56.33333333,471.6666667,0.003517648
1,20.6,24.08333333,413,507.3333333,0.003608936
1,20.6,24.1,414.6,514.6,0.003611448
1,20.6,24.175,407.5,522.25,0.003622752
1,20.6,24.2,406.6,525.6,0.003626521
1,20.6,24.2,399.5,528,0.003626521
1,20.956,25.39,444,717.8,0.003890816
1,21,25.39,444,720.75,0.003901421
1,21,25.412,444,721.4,0.003904823
1,21,25.39,444,718,0.003901421
1,21,25.35666667,444,715.5,0.003896267
1,21,25.29,447.2,713,0.003885959
1,21,25.29,456.8,714.8,0.003885959
1,21.215,25.29166667,462.3333333,773.8333333,0.003938201
1,21.2,25.29,464,777.75,0.003934293
1,22.2,26,608.25,946,0.004302279
1,22.29,25.96333333,606.6666667,950.3333333,0.004319939
0,23.7,26.272,585.2,749.2,0.004764163
0,23.718,26.29,578.4,760.4,0.004772661
0,23.73,26.23,572.6666667,769.6666667,0.004765153
0,23.7225,26.125,493.75,774.75,0.004743773
0,23.754,26.2,488.6,779,0.004766594
0,23.76,26.26,568.6666667,790,0.004779332
0,23.73,26.29,536.3333333,798,0.004776136
0,23.754,26.29,509,797,0.004783094
0,23.754,26.35,476,803.2,0.004794094
0,23.736,26.39,510,809,0.004796189
0,23.745,26.445,481.5,815.25,0.004808886
0,23.7,26.56,481.8,824,0.004816793
0,23.7,26.6,475.25,832,0.004824104
0,23.7,26.7,469,845.3333333,0.004842381
0,23.7,26.774,464,852.4,0.004855906
0,23.7,26.89,464,861,0.00487711
0,23.7,26.9725,455,880,0.004892191
0,23.6,26.89,454,891,0.004847594
0,23.64,26.976,458,897.6,0.004875045
0,23.65,27.05,464,900.5,0.004891492
0,23.64,27.1,473,908.8,0.00489763
0,23.6,27.16,464,918,0.004896652
0,23.6,27.236,498.4,925.2,0.004910462
0,23.6,27.29,530.2,929.4,0.004920275
0,23.6,27.33,533.6,936.4,0.004927544
0,23.6,27.34,524.25,950,0.004929361
0,23.625,27.3925,498.6666667,961,0.004946406
0,23.6,27.39,516.3333333,963,0.004938448
0,23.6,27.412,501.2,958.6,0.004942446
0,23.6,27.5,522,965.3333333,0.004958439
0,23.6,27.525,520.5,979.25,0.004962982
0,23.6,27.6,505.2857143,978.4285714,0.004976614
0,23.6,27.6,488.3333333,983,0.004976614
0,23.6,27.54,512,992.6,0.004965709
0,23.6,27.6,511,997.2,0.004976614
0,23.61666667,27.63333333,501.5,999.5,0.004987718
0,23.66666667,27.7,503.6666667,1001,0.005015051
0,23.6,27.7,483.1666667,1009.5,0.00499479
0,23.6,27.7225,483.5,1019,0.004998879
0,23.6,27.79,473,1021,0.005011149
0,23.6,27.85666667,470.3333333,1024.666667,0.005023268
0,23.6,27.80428571,480.1428571,1030.428571,0.005013746
0,23.575,27.79,464,1026.25,0.005003545
0,23.54,27.81,474.4,1028,0.004996538
0,23.6,27.978,470,1034.8,0.005045325
0,23.525,28,454,1055.5,0.005026367
0,23.5,27.978,454,1055.25,0.00501476
0,23.5,28,454,1050,0.005018735
0,23.5,28,454,1051.25,0.005018735
0,23.5,28,445,1053.6,0.005018735
0,23.5,28,439,1055.5,0.005018735
0,23.5,28.025,444.25,1055,0.005023252
0,23.445,28.125,454.75,1059.5,0.005024491
0,23.39,28.18,455.8,1060,0.005017582
0,23.39,28.2,451.6,1073.6,0.005021172
0,23.39,28.2,451.6,1078.6,0.005021172
0,23.39,28.2,454.75,1081,0.005021172
0,23.39,28.2225,454.75,1082,0.005025211
0,23.39,28.37333333,457.5,1088.833333,0.005052286
0,23.37,28.39,464,1090.6,0.00504913
0,23.39,28.32333333,464,1086,0.00504331
0,23.37333333,28.445,464,1092.5,0.005060017
0,23.39,28.5,471.5,1103.75,0.005075025
0,23.32333333,28.5,475.6666667,1104.5,0.005054476
0,23.365,28.5,471.5,1103.5,0.00506731
0,23.29,28.5,467.75,1112,0.005044229
0,23.30666667,28.53333333,466.5,1105.666667,0.005055304
0,23.29,28.7,464,1104,0.005079916
0,23.29,28.7,467,1117.2,0.005079916
0,23.29,28.675,467.75,1121.25,0.005075455
0,23.29,28.61666667,466.5,1115.666667,0.005065046
0,23.29,28.66,459,1120,0.005072779
0,23.29,28.55,464,1123.75,0.005053151
0,23.29,28.6,470,1116,0.005062072
0,23.272,28.6,464,1126.8,0.005056527
0,23.2,28.4175,464,1112.75,0.005002016
0,23.23,28.5,449,1104.5,0.005025831
0,23.29,28.5,464,1108,0.005044229
0,23.215,28.63333333,462.3333333,1127.833333,0.005044923
0,23.2,28.6,469,1128.75,0.005034399
0,23.2,28.65,469,1124.25,0.005043272
0,23.2,28.62,469,1130.4,0.005037948
0,23.2,28.7,464,1138,0.005052145
0,23.2,28.7,456.5,1144,0.005052145
0,23.2,28.718,457,1140,0.005055339
0,23.2,28.79,450.25,1139.25,0.005068117
0,23.2,28.79,446,1167.333333,0.005068117
0,23.14,28.79,451.6,1159.6,0.005049618
0,23.15,28.89,454.75,1157.75,0.005070391
0,23.15,28.89,448,1159.5,0.005070391
0,23.18,28.83,444,1156.4,0.005069034
0,23.11666667,28.945,444,1160,0.005069809
0,23.14,28.956,444,1169.8,0.005078972
0,23.1,29,444,1176.166667,0.005074362
0,23.1,29.075,444,1175.25,0.005087593
0,23.1,28.918,444,1166.6,0.005059897
0,23.1,27.925,444,1140.25,0.004884784
0,23.06,27.772,444,1089.2,0.004845979
0,23.02,27.556,435,1042.6,0.004796284
0,23.01,27.81883333,432,1051.1,0.004839435
0,23,28.08166667,429,1059.6,0.004882538
0,23,27.956,429,1064.6,0.004860518
0,22.98166667,27.90833333,429,1061.666667,0.004846741
0,23,27.92666667,429,1058.333333,0.004855378
0,23,28.018,429,1061.6,0.004871382
0,22.98166667,28.06666667,429,1070.333333,0.004874454
0,22.945,28.1,429,1074,0.004869381
0,23,28.1,429,1086.25,0.004885751
0,22.956,28.2,429,1089.6,0.004890128
0,22.9725,28.1,429,1085,0.00487756
0,22.945,28.13333333,429,1085,0.004875203
0,23,28.2,429,1088,0.004903275
0,22.945,28.2,429,1091.75,0.004886846
0,23,28.13333333,429,1091.333333,0.004891592
0,22.912,28.1,429,1088.2,0.004859583
0,22.89,28.1,429,1087.5,0.00485306
0,22.89,27.956,432,1079.2,0.004827998
0,22.865,27.84,432.75,1077.25,0.004800476
0,22.87333333,27.68333333,439,1064.166667,0.004775684
0,22.87333333,27.6,429,1056.4,0.004761198
0,22.89,27.6,432.75,1043.6,0.004766045
0,22.815,27.445,432.75,1039.5,0.004717422
0,22.84,27.37333333,436.5,1028.666667,0.0047122
0,22.79,27.365,438,1020.4,0.00469639
0,22.79,27.2,444,1018,0.004667861
0,22.79,27.17142857,435.4285714,1015.142857,0.004662921
0,22.79,27.06666667,434,1006.333333,0.004644808
0,22.79,27.02,432,1002.6,0.00463674
0,22.772,26.934,438,993.2,0.004616793
0,22.76,26.82333333,439,983.3333333,0.004594315
0,22.7,26.754,432,976.2,0.004565583
0,22.7225,26.7,432.75,980.75,0.004562569
0,22.7,26.68333333,434,971.3333333,0.004553435
0,22.7,26.53333333,444,966.6666667,0.004527652
0,22.7,26.46333333,444,963,0.00451562
0,22.7,26.445,441.5,952.3333333,0.004512469
0,22.7,26.34,444,948,0.004494423
0,22.7,26.26,444,945,0.004480674
0,22.7,26.2,441,941.6,0.004470363
0,22.7,26.16,438,929.8,0.004463489
0,22.7,26.02,441,923.8,0.004439431
0,22.7,26.1,440.25,919,0.004453178
0,22.7,26,439,918.25,0.004435995
0,22.7,25.934,438,919.4,0.004424654
0,22.7,25.92666667,439,927.3333333,0.004423394
0,22.7,25.815,432.75,920.25,0.004404207
0,22.68,25.772,432,902.4,0.004391449
0,22.64,25.696,429,904.4,0.004367718
0,22.6,25.575,429,897,0.00433639
0,22.66666667,25.6,429,892,0.004358383
0,22.6,25.525,433.5,882.5,0.004327853
0,22.62,25.476,436.2,887.2,0.004324772
0,22.625,25.55,442.5,889.25,0.004338748
0,22.6,25.39,443.4,889.2,0.004304805
0,22.65,25.42,438,880.75,0.00432312
0,22.6,25.2675,442.5,868.75,0.004283893
0,22.6,25.218,439.8,861,0.004275443
0,22.6,25.2,439.8,860.6,0.00427237
0,22.6,25.2,435.5,864,0.00427237
0,22.6,25.15,430.75,859,0.004263835
0,22.6,25.14,440.6,854.4,0.004262128
0,22.6,25.15,428.2,847.4,0.004263835
0,22.6,25.04,432.2,837.2,0.004245059
0,22.6,25.05,431.75,834.75,0.004246766
0,22.6,25.06,429.2,832.4,0.004248472
0,22.6,25,433,832,0.004238231
0,22.6,25,433,836.25,0.004238231
0,22.6,25,428.2,832.6,0.004238231
0,22.6,25.025,428.25,821.5,0.004242498
0,22.6,25.1,425.4,832.4,0.0042553
0,22.6,25.08,429.2,832.4,0.004251886
0,22.56,25.02,433,830.75,0.004231284
0,22.58,25.08,433,821.5,0.00424669
0,22.575,25.075,433,818.25,0.00424454
0,22.56,24.912,433,819.8,0.004212896
0,22.55,25.2,433,822.5,0.004259328
0,22.6,24.9175,433,818,0.00422415
0,22.58,25.06,433,812.8,0.004243281
0,22.56666667,24.90833333,433,816.5,0.004213989
0,22.525,24.945,433,822.25,0.004209495
0,22.54,24.89,433,825,0.004204006
0,22.5,24.865,433,816.5,0.004189492
0,22.5,24.9175,433,811.5,0.004198397
0,22.5,24.91166667,433,811,0.004197408
0,22.56,24.81,433,812.2,0.00419553
0,22.525,24.89,426,814.25,0.004200151
0,22.52,24.976,430.2,824,0.004213473
0,22.575,25.075,433,834.5,0.00424454
0,22.6,25,433,837,0.004238231
0,22.6,25.02142857,433,841.1666667,0.004241889
0,22.6,25.04285714,433,845.3333333,0.004245546
0,22.6,25.1,433,854.75,0.0042553
0,22.6,25.1,428.3333333,850.3333333,0.0042553
0,22.6,25.08,424.6,845.4,0.004251886
0,22.6,25.16666667,433,854.3333333,0.00426668
0,22.39,24.7225,419,772.25,0.004137377
0,22.39,24.71708333,419,772.925,0.004136464
0,22.39,24.71166667,419,773.6,0.004135552
0,22.39,24.625,419,773.75,0.004120952
0,22.39,24.754,416.2,771.8,0.004142684
0,22.39,24.912,418.6,782.8,0.004169303
0,22.39,25.245,415,796.5,0.004225413
0,22.39,25.0925,310.25,809,0.004199716
0,20.29,22.79,217.2,441.6,0.003349002
0,20.29,22.85666667,413.6666667,442.6666667,0.003358851
0,20.29,22.956,433,445.6,0.003373528
0,20.31,23.2,415,470.8,0.003413822
0,20.33,23.2,412.2,476.6,0.003418066
0,20.39,23.2,412.2,473,0.003430829
0,20.365,23.245,413.5,473,0.003432187
0,20.39,23.34,403.5,479.75,0.003451647
0,20.39,23.434,397.4,494.2,0.003465625
0,20.39,23.5,399.5,498.75,0.003475441
0,20.39,23.66,397.4,501,0.003499236
0,20.39,23.7,398.3333333,507,0.003505185
0,20.39,23.7,399.5,518,0.003505185
0,20.445,23.8175,403,520,0.003534713
0,20.5,23.89,407.6666667,523.6666667,0.003557659
0,20.5,23.978,412.2,525.2,0.003570839
0,20.5,24.03333333,413,531.3333333,0.003579127
0,20.5,24.1,414,538,0.003589112
0,20.5,24.1,412.2,536.4,0.003589112
0,20.5,24.1,413,538.3333333,0.003589112
0,20.5,24.18,412.2,541,0.003601095
0,20.52,24.236,407.4,549.6,0.003613966
0,20.5,24.32333333,407,555.1666667,0.003622566
0,20.5,24.39,405,561.5,0.003632553
0,20.5,24.39,405,569,0.003632553
0,20.56,24.39,405,568.2,0.003646103
0,20.55,24.39,412,572,0.003643841
0,20.55,24.39,416.6666667,573.1666667,0.003643841
0,20.58,24.39,419,583,0.003650629
0,20.6,24.39,419,585,0.003655161
0,20.66666667,24.39,419,584.6666667,0.003670301
0,20.7,24.37,419,584.8,0.003674858
0,20.7,24.39,419,591.4,0.003677892
0,20.7,24.39,419,594.3333333,0.003677892
0,20.7,24.39,419,600.5,0.003677892
0,20.736,24.39,419,601.4,0.003686106
0,20.73,24.39,419,606,0.003684736
0,20.7,24.5,419,608.75,0.003694578
0,20.754,24.5,419,616.8,0.003706961
0,20.79,24.5,419,624.2,0.003715237
0,20.772,24.52,419,625.6,0.003714144
0,20.7675,24.6,419,628.75,0.003725296
0,20.754,24.66,419,635.2,0.003731315
0,20.772,24.7,419,640.8,0.003741574
0,20.79,24.7,421.8,642.4,0.003745748
0,20.79,24.7,422.5,643.25,0.003745748
0,20.79,24.736,427.4,643.6,0.00375124
0,20.79,24.79,433,645.25,0.003759479
0,20.775,24.79,433,652.6666667,0.003755987
0,20.79,24.79,433,658,0.003759479
0,20.79,24.79,433,665.5,0.003759479
0,20.79,24.79,433,666.3333333,0.003759479
0,20.79,24.79,433,666.5,0.003759479
0,20.79,24.79,433,668.2,0.003759479
0,20.79,24.79,433,668,0.003759479
0,20.79,24.79,433,672.6666667,0.003759479
0,20.79,24.79,433,672.75,0.003759479
0,20.79,24.79,433,679.2,0.003759479
0,20.815,24.815,433,683.5,0.003769124
0,20.79,24.79,440,688.5,0.003759479
0,20.84,24.84,434.5,686,0.00377879
0,20.79,24.79,435.5,689.75,0.003759479
0,20.89,24.89,443.4,700,0.003798181
0,20.83,24.83,439.8,697.6,0.003774921
0,20.87,24.87,439.8,695.8,0.003790415
0,20.89,24.87333333,441,697.3333333,0.003795622
0,20.89,24.89,442.5,701.25,0.003798181
0,20.87333333,24.84,441,700.6666667,0.003786596
0,20.87333333,24.775,441,694.8333333,0.003776628
0,20.89,24.84,442.5,709.75,0.003790505
0,20.89,24.85666667,435,715,0.003793064
0,20.89,24.82333333,435,715.8333333,0.003787946
0,20.89,24.79,429,713.8,0.003782829
0,20.92666667,24.79,429,709,0.003791422
0,20.89,24.85,429,716.2,0.00379204
0,20.89,24.89,429,716.1666667,0.003798181
0,20.89,24.945,432.75,725,0.003806626
0,20.89,24.9175,429,725,0.003802403
0,20.89,24.978,435,727.6,0.003811692
0,20.89,25,435,729.4,0.00381507
0,20.89,25,441,730.8,0.00381507
0,20.89,25,438,731.2,0.00381507
0,20.9175,25,444,736.25,0.003821569
0,20.978,25,441,741,0.003835901
0,21,24.96333333,444,742.3333333,0.003835456
0,21,24.912,444,742.4,0.00382752
0,21.025,24.89,444,746.75,0.003830036
0,21.075,24.89,444,745,0.003841893
0,21.1,24.89,444,742,0.003847834
0,21.1,24.89,444,740.8,0.003847834
0,21.2,25.16333333,444,752.6666667,0.003914464
0,21.175,25.04041667,446.6666667,751.5,0.003889213
0,21.15,24.9175,449.3333333,750.3333333,0.003864032
0,21.18333333,25.19833333,454.6666667,754.3333333,0.00391591
0,21.2,25.34,448,765.75,0.003942121
0,21.2,25.3925,454.75,782,0.00395034
0,21.23,25.445,453,786.6666667,0.003965901
0,21.254,25.578,451.6,792,0.003992676
0,21.2,25.76333333,453,800.3333333,0.004008403
0,21.2,25.89,454.75,804.3333333,0.004028238
0,21.2,26.05,449.5,815.2,0.004053295
0,21.2,26.1,460,829.75,0.004061126
0,21.2,26.15714286,442,837.1666667,0.004070075
0,21.2,26.245,439,849,0.004083836
0,21.2,26.29,439,853.5,0.004090884
0,21.218,26.31,439,863.4,0.004098571
0,21.236,26.412,442,864.4,0.004119143
0,21.23,26.49833333,449,871.8333333,0.004131165
0,21.2225,26.525,454,872.25,0.004133435
0,21.245,26.58333333,454,876.6666667,0.004148347
0,21.26,26.56666667,454,890.3333333,0.004149571
0,21.29,26.68333333,454,895.1666667,0.004175644
0,21.29,26.76,454,901,0.004187722
0,21.29,26.79,454,910.25,0.004192449
0,21.315,26.7675,454,918.5,0.004195374
0,21.30666667,26.79,454,923.1666667,0.004196765
0,21.31,26.79,454,926.75,0.004197629
0,21.35666667,26.79,454,925.5,0.004209738
0,21.31,26.83,463,927.6,0.004203939
0,21.29,26.89,457.75,935,0.004208204
0,21.35,26.934,463,932,0.004230778
0,21.34,26.945,464,935.75,0.004229906
0,21.315,27,469,946.75,0.004232063
0,21.39,27,461,952,0.004251699
0,21.39,27.1,462.3333333,959.3333333,0.004267554
0,21.39,27.08,461,967,0.004264383
0,21.39,27.1,464,969,0.004267554
0,21.4175,27.22,464,982.5,0.00429386
0,21.42666667,27.23,462.3333333,983,0.004297878
0,21.412,27.272,453,985.4,0.00430066
0,21.456,27.33,453,996.2,0.004321584
0,21.48166667,27.35666667,449,1004.5,0.004332683
0,21.5,27.312,458,1004.4,0.004330452
0,21.5,27.315,460.25,1009.25,0.004330931
0,21.54,27.718,461,1019,0.004406134
0,21.55,27.5,464,1034.25,0.004373932
0,21.6,27.46333333,464,1035.333333,0.004381539
0,21.6,27.46333333,464,1031,0.004381539
0,21.6,27.4725,467.75,1028.25,0.004383012
0,21.6,27.456,473,1030,0.004380361
0,21.6,27.5,479,1032.25,0.00438743
0,21.6,27.6,479,1033.5,0.004403497
0,21.6,27.54,479,1045,0.004393857
0,21.6,27.525,474,1040.25,0.004391447
0,21.6,27.56666667,472.3333333,1044,0.004398142
0,21.625,27.625,477.75,1041.25,0.004414309
0,21.64,27.716,476,1045.8,0.004433048
0,21.66,27.83,479,1054.2,0.0044569
0,21.68333333,27.84,474,1054.8,0.004464925
0,21.65,27.84,474,1069.8,0.004455767
0,21.7,27.84,474,1073.666667,0.00446951
0,21.7,27.912,474,1073.4,0.004481152
0,21.7,28.0725,474,1076.75,0.004507106
0,21.7,27.9675,474,1086.75,0.004490127
0,21.7,27.89333333,484,1086.666667,0.004478133
0,21.7,27.945,479,1078.833333,0.004486488
0,21.7,27.912,483,1077.6,0.004481152
0,21.7,27.9725,489,1080.5,0.004490935
0,21.7,27.9175,489,1088.75,0.004482041
0,21.7,27.89,489,1083.666667,0.004477594
0,21.7,27.85666667,482,1076.166667,0.004472204
0,21.7,27.934,480.6,1079.4,0.004484709
0,21.7,28.1,495.25,1088,0.004511553
0,21.7,27.90833333,484.8333333,1092.5,0.004480559
0,21.7,27.96166667,484,1094.666667,0.004489183
0,21.718,27.974,484,1091.4,0.004496158
0,21.7,28.1,484,1101.666667,0.004511553
0,21.79,28.06666667,484,1111,0.004531198
0,21.718,28.1,484,1119.4,0.004516557
0,21.76,28.08333333,484,1122.5,0.004525545
0,21.7675,28.125,495.25,1127.5,0.004534401
0,21.73,28.13333333,499,1131,0.004525296
0,21.775,28.05,499,1127.833333,0.00452431
0,21.77714286,28.08571429,499,1128.857143,0.00453071
0,21.79,28.125,499,1123.5,0.004540685
0,21.79,28.158,490.6,1127.8,0.004546051
0,21.79,28.26,502,1148.666667,0.00456264
0,21.84,28.1,493,1151.5,0.004550598
0,21.82333333,28.13333333,493,1142.333333,0.004551366
0,21.87,28.252,493,1142,0.004583846
0,21.89,28.18333333,495.6666667,1146,0.004578251
0,21.89,28.254,499.4,1142.2,0.004589815
0,21.89,28.29,509,1159.8,0.004595706
0,21.89,28.31,500.6,1168,0.004598979
0,21.89,28.37571429,506.4285714,1181.142857,0.004609734
0,21.89,28.39,510,1180,0.004612072
0,21.89,28.37571429,503,1183.714286,0.004609734
0,21.89,28.30666667,503,1189.666667,0.004598434
0,21.89,28.315,503,1190,0.004599797
0,21.89,28.31,512,1178.8,0.004598979
0,21.89,28.365,518,1173,0.00460798
0,21.912,28.37,518,1170.6,0.004615038
0,21.89,28.39,518,1178.6,0.004612072
0,21.89,28.445,513,1193.5,0.004621073
0,21.89,28.445,513,1201.5,0.004621073
0,21.89,28.5,511.3333333,1189.666667,0.004630075
0,21.89,28.33,518.2,1190.4,0.004602252
0,21.90833333,28.30833333,513,1172.666667,0.004603894
0,21.945,28.29,513,1177.75,0.004611274
0,21.934,28.29,519,1184.8,0.004608157
0,22,28.29,528,1188.25,0.004626889
0,21.98166667,28.29,528,1189.5,0.004621679
0,21.945,28.29,528,1191.5,0.004611274
0,21.978,28.29,532.8,1193,0.004620638
0,22,28.29,534.25,1190,0.004626889
0,22,28.29,528,1198.5,0.004626889
0,22,28.2,523,1198,0.00461206
0,22,28.218,526,1194.2,0.004615026
0,22,28.2225,534.25,1185,0.004615767
0,22,28.2675,538,1194,0.004623182
0,22.025,28.2575,538,1193.125,0.004628639
0,22.06,28.274,538,1190.4,0.00464133
0,22.05,28.34,532.25,1192.25,0.004649389
0,22.1,28.39,547.5,1200.5,0.004671979
0,22.08,28.37,544.2,1198.6,0.004662932
0,22.1,28.39,536.3333333,1197,0.004671979
0,22.1,28.365,535,1197.5,0.004667834
0,22.06,28.35,534.2,1203,0.004653899
0,22.1,28.39,533.6666667,1206.5,0.004671979
0,22.08333333,28.35833333,533.6666667,1207.166667,0.004661954
0,22.1,28.39,535,1213,0.004671979
0,22.1,28.35666667,547,1211.5,0.004666452
0,22.1,28.372,553.4,1208.2,0.004668994
0,22.1,28.2,550.5,1209.25,0.004640478
0,22.1,28.2,543.6666667,1201.666667,0.004640478
0,22.15,28.1,550.75,1189.75,0.004638116
0,22.1,28.2,555,1191,0.004640478
0,22.11666667,28.06666667,555,1192.166667,0.004623103
0,22.16666667,28,557.6666667,1184.333333,0.004626217
0,22.18,28.06,555,1176.4,0.00464
0,22.13333333,28,557.6666667,1175.666667,0.004616762
0,22.16,27.956,556.4,1173.8,0.004617004
0,22.2,27.9175,555,1170.75,0.00462193
0,22.175,27.945,555,1170.25,0.004619424
0,22.18333333,27.80666667,555,1168,0.004598739
0,22.2,27.82333333,555,1160.833333,0.004606224
0,22.2,27.79,546.5,1161,0.004600665
0,22.2,27.79,538,1166,0.004600665
0,22.2,27.772,543,1164.4,0.004597663
0,22.2,27.7225,550.5,1157.75,0.004589408
0,22.2,27.772,543,1148.6,0.004597663
0,22.2,27.7225,547,1153.75,0.004589408
0,22.2,27.7,544.2,1152.4,0.004585655
0,22.175,27.7,543,1147.25,0.004578627
0,22.2,27.7,544.25,1147.5,0.004585655
0,22.2,27.7,548,1144,0.004585655
0,22.2,27.7,543,1133,0.004585655
0,22.2,27.6,538,1121.2,0.004568979
0,22.2,27.51666667,549.3333333,1110.833333,0.004555083
0,22.2,27.5,547,1093.25,0.004552304
0,22.2,27.54,538.6,1093.2,0.004558974
0,22.2,27.56666667,549.3333333,1102.5,0.004563421
0,22.2,27.52,548.6,1104.4,0.004555639
0,22.2,27.58,543,1101.75,0.004565644
0,22.2,27.6,548.5,1098.75,0.004568979
0,22.2,27.56,555,1092.4,0.004562309
0,22.2,27.5,555,1094,0.004552304
0,22.254,27.56,556.4,1092.4,0.004577446
0,22.2225,27.575,556.6666667,1081.666667,0.004571115
0,22.245,27.58333333,562,1077,0.004578822
0,22.254,27.54,555.6,1074.4,0.004574099
0,22.29,27.55,558,1072.25,0.004585884
0,22.29,27.5,563.4,1070.4,0.0045775
0,22.272,27.5,570,1071,0.004572451
0,22.29,27.48166667,565.8333333,1078.166667,0.004574426
0,22.29,27.5,553,1071.75,0.0045775
0,22.29,27.445,561.8333333,1066.833333,0.004568278
0,22.29,27.456,562.4,1068.4,0.004570123
0,22.29,27.37,560.6,1064.2,0.004555703
0,22.29,27.35666667,559.6666667,1060.333333,0.004553467
0,22.30666667,27.39,569.8333333,1061.5,0.004563717
0,22.33,27.37,581,1057,0.004566887
0,22.35,27.33,593,1057.8,0.004565756
0,22.39,27.29,601,1065,0.004570212
0,22.39,27.29,600.4,1064.2,0.004570212
0,22.39,27.254,616,1061.8,0.004564139
0,22.39,27.14,579.2,1045.2,0.004544908
0,22.434,27.04,584.8,1049.6,0.004540259
0,22.42666667,27.03333333,609.6666667,1041.333333,0.004537094
0,22.42666667,27.03333333,625.6666667,1038,0.004537094
0,22.42666667,26.98166667,629.6666667,1035.166667,0.004528359
0,22.5,27,617,1040,0.00455185
0,22.5,27,624.8,1036.25,0.00455185
0,22.5,26.96333333,641.3333333,1033.25,0.004545623
0,22.5,26.89,659.4,1037,0.00453317
0,22.58,26.81,644.6,1031.2,0.004541763
0,22.575,26.79,653,1033,0.004536962
0,22.6,26.79,659,1032.25,0.004543905
0,22.6,26.79,660,1030.166667,0.004543905
0,22.6,26.7225,668.5,1033,0.004532373
0,22.66666667,26.71333333,652.5,1030.333333,0.004549314
0,22.675,26.675,652.75,1028.5,0.004545053
0,22.7,26.7,654.2,1020.4,0.0045563
0,22.7,26.68333333,656.1666667,1023.666667,0.004553435
0,22.7225,26.6,650.75,1021.25,0.004545356
0,22.745,26.6,663.75,1014.75,0.004551609
0,22.745,26.55,651,1017,0.004542991
0,22.79,26.51666667,648.3333333,1014.166667,0.004549734
0,22.79,26.6,651,1022.5,0.004564138
0,22.79,26.525,651,1027.25,0.004551175
0,22.84,26.5,651,1022,0.004560757
0,22.87,26.456,657.8,1019,0.004561474
0,22.89,26.445,668,1020.75,0.004565133
0,22.89,26.39,668,1015.5,0.004555569
0,22.90833333,26.39,663.6666667,1016,0.004560668
0,22.956,26.39,664.6,1011,0.00457395
0,22.96333333,26.29,668,1018.666667,0.004558529
0,23,26.29,662.3333333,1006.333333,0.004568734
0,22.956,26.236,647.8,1008.2,0.004547063
0,23,26.2,651.6666667,1009.333333,0.004552979
0,23,26.2,651.6666667,1006.166667,0.004552979
0,23.02,26.16,650,1004.4,0.004551524
0,23.025,26.125,653.75,999.75,0.004546776
0,23.05,26.08333333,660,994.1666667,0.004546394
0,23.1,26,656,992.5,0.004545592
0,23.1,26,660,995.6666667,0.004545592
0,23.1,26,655,994,0.004545592
0,23.14,26,660,990.2,0.004556682
0,23.18,26,655,993.4,0.004567796
0,23.2,26,650,998.5,0.004573361
0,23.2,26,651.6666667,997.25,0.004573361
0,23.2,25.945,653.1666667,992.5,0.004563616
0,23.2225,25.9175,653.75,996.5,0.004564992
0,23.2225,25.815,659.75,993.75,0.004546806
0,23.2,25.7,538.75,917.25,0.004520208
0,23.2,25.7225,547,899.75,0.004524195
0,23.2,25.54,543,894.4,0.004491864
0,23.18333333,25.51666667,561.8333333,880.3333333,0.004483179
0,23.15,25.5,597.75,879.75,0.004471146
0,23.2,25.5,561.5,870.5,0.004484778
0,23.2,25.5,598.4,866.2,0.004484778
0,23.18,25.5,609.6,866.4,0.004479321
0,23.2,25.525,587,869.75,0.004489207
0,23.2,25.58,596.8,874.2,0.00449895
0,23.175,25.6,595,877.5,0.004495645
0,23.18333333,25.7,608.3333333,879,0.004515624
0,23.2,25.68,611.6,875.5,0.004516665
0,23.2,25.7,610.2,881.3333333,0.004520208
0,23.218,25.7,616.6,882.4,0.004525164
0,23.23,25.715,608.3333333,883,0.004531133
0,23.254,25.68,609,884.5,0.004531535
0,23.2675,25.7225,599,888.25,0.004542819
0,23.272,25.772,594.8,889.4,0.004552872
0,23.29,25.79,585.75,895,0.004561068
0,23.29,25.79,584.8,894.4,0.004561068
0,23.29,25.79,592.75,898.25,0.004561068
0,23.29,25.79,586.5,898,0.004561068
0,23.29,25.79,585,898.8,0.004561068
0,23.29,25.79,576.75,901,0.004561068
0,23.29,25.79,566,900.1428571,0.004561068
0,23.29,25.7675,560,898.25,0.004557059
0,23.29,25.754,566,895.6,0.004554654
0,23.29,25.79333333,569.3333333,892.3333333,0.004561662
0,23.29,26.16,561,911.1666667,0.004626991
0,23.29,25.89,561,912,0.004578883
0,23.29,25.89,561,913,0.004578883
0,23.29,26.05916667,558.3,921.4,0.004609024
0,23.29,26.22833333,555.6,929.8,0.004639167
0,23.29,26.456,558.8,951.8,0.004679739
0,23.29,26.575,546,956.75,0.004700948
0,23.29,26.62,546,968,0.004708968
0,23.29,26.754,542.8,966,0.004732852
0,23.29,26.79,544.8,971.8,0.004739269
0,23.29,26.87,541.4,983,0.00475353
0,23.33,26.956,538,993.6,0.004780483
0,23.29,27,538.4,999.6,0.004776705
0,23.35,27.08,538.4,1005.4,0.00480849
0,23.315,27.1,534.5,1013.75,0.004801833
0,23.29,27.14,538.8,1019.8,0.004801664
0,23.29,27.26,531,1023,0.004823059
0,23.29,27.40833333,526.8333333,1027.5,0.004849508
0,23.29,27.4175,526.75,1038.5,0.004851143
0,23.29,27.5,519.6666667,1049,0.004865854
0,23.29,27.5,505.8,1051.8,0.004865854
0,23.31857143,27.58571429,493,1056,0.004889635
0,23.29,27.65,503.5,1054.5,0.004892604
0,23.29,27.772,496.2,1066.6,0.004914362
0,23.29,27.7,513,1074,0.004901521
0,23.29,27.79,520.5,1068.25,0.004917572
0,23.33,27.874,528,1075.6,0.004944578
0,23.29,27.9175,516.75,1085.25,0.004940313
0,23.29,27.96333333,513,1096.333333,0.004948489
0,23.30428571,28.01428571,503.7142857,1099.142857,0.00496189
0,23.32333333,28.1,503,1108.833333,0.004982968
0,23.29,28.1,498,1117,0.004972867
0,23.29,28.236,481.6,1116,0.004997128
0,23.29,28.35,484,1120.2,0.005017466
0,23.29,28.39,483.4,1120.6,0.005024603
0,23.29,28.53333333,485,1129.333333,0.005050177
0,23.29,28.575,478,1132.25,0.005057611
0,23.29,28.6,478.75,1132.5,0.005062072
0,23.29,28.68333333,474,1142.833333,0.005076942
0,23.29,28.772,473,1152,0.005092765
0,23.29,28.79,474,1156.75,0.005095977
0,23.29,28.89,479,1159.333333,0.005113823
0,23.254,28.912,476,1160.8,0.005106541
0,23.245,28.92,467.75,1160,0.005105166
0,23.236,28.978,464,1167,0.005112685
0,23.2,29.05,464,1171,0.005114263
0,23.2225,29.15,464,1175.5,0.005139054
0,23.2,29.2,453,1181,0.005140889
0,23.2,29.2,464,1192,0.005140889
0,23.2,29.2,464,1197.75,0.005140889
0,23.2,29.254,461,1198.2,0.005150475
0,23.2,29.33,464,1196.5,0.005163966
0,23.2,29.35666667,464,1203.25,0.0051687
0,23.14,29.456,469,1209,0.005167402
0,23.125,29.4725,469,1212.25,0.005165594
0,23.1,29.5,463,1219.6,0.005162577
0,23.1,29.55,465.25,1218.75,0.0051714
0,23.1,29.6,466,1221.6,0.005180223
0,23.1,29.62,469,1219.8,0.005183753
0,23.1,29.7,466.5,1224.666667,0.00519787
0,23.1,29.745,469,1233.75,0.005205812
0,23.1,29.84,469,1235.75,0.005222578
0,23.1,29.84,469,1239.5,0.005222578
0,23.08571429,29.89,465.6666667,1245,0.005226846
0,23.06666667,29.85666667,464,1247.25,0.005214905
0,23.025,29.9175,469,1246,0.005212351
0,23.01666667,29.96333333,462.3333333,1245.166667,0.005217749
0,23,30,465,1254.6,0.005218876
0,23,30,461,1261.2,0.005218876
0,23,30,464,1261,0.005218876
0,23,30.01666667,462.3333333,1263.666667,0.005221799
0,23,30.06,461,1270.2,0.005229401
0,23,30.075,464,1273.25,0.005232033
0,23,30.12,461,1280.2,0.005239927
0,23,30.15,469,1284.5,0.00524519
0,23,30.23,462.3333333,1285.166667,0.005259225
0,23,30.29,462.3333333,1290.666667,0.005269752
0,22.96857143,30.30428571,460.4285714,1294.571429,0.005262152
0,22.9175,30.29,464,1294,0.005243272
0,22.912,30.29,461,1301,0.005241511
0,22.90833333,30.30666667,462.3333333,1313.166667,0.005243245
0,22.89,30.34,464,1312.75,0.005243185
0,22.945,30.39,469,1311.5,0.005269572
0,22.92666667,30.37333333,469,1317.6,0.005260764
0,22.96333333,30.39,469,1327.5,0.005275475
0,22.93714286,30.39142857,469,1330.285714,0.005267293
0,22.934,30.456,466,1330,0.005277566
0,22.9175,30.5,465.25,1328.75,0.005279932
0,22.93714286,30.40571429,456.1428571,1330,0.00526979
0,22.956,30.412,454,1321.8,0.005276962
0,22.89,30.445,454,1321.5,0.005261484
0,22.934,30.6,454,1331.6,0.005302732
0,22.90833333,30.6,454,1336.833333,0.005294425
0,22.89,30.68,454,1340,0.005302442
0,22.945,30.7,454,1350.75,0.005323785
0,22.89,30.675,454,1356,0.005301571
0,22.89,30.675,454,1351.75,0.005301571
0,22.89,30.745,454,1360.166667,0.005313772
0,22.89,30.79,454,1364.2,0.005321616
0,22.89,30.754,454,1363.2,0.005315341
0,22.89,30.79,454,1363.166667,0.005321616
0,22.89,30.79,454,1367,0.005321616
0,22.89,30.79,454,1368.5,0.005321616
0,22.912,30.79,454,1365.8,0.005328774
0,22.89,30.89,454,1361.6,0.005339048
0,22.89,30.865,465.25,1372,0.00533469
0,22.89,30.89,465.25,1385.25,0.005339048
0,22.89,30.89,469,1386.4,0.005339048
0,22.89,30.89,469,1393.166667,0.005339048
0,22.89,30.85,469,1393,0.005332075
0,22.89,30.79,460,1389,0.005321616
0,22.89,30.79,454,1385.2,0.005321616
0,22.89,30.85666667,454,1377.333333,0.005333238
0,22.89,30.85666667,454,1383.833333,0.005333238
0,22.89,30.83,442,1388.6,0.005328589
0,22.89,30.865,449.5,1377.5,0.00533469
0,22.89,30.89,451.6,1374,0.005339048
0,22.89,30.89,451.6,1377.6,0.005339048
0,22.89,30.89,456.8,1373,0.005339048
0,22.865,30.84,444,1372.25,0.005322195
0,22.89,30.89,444,1376,0.005339048
0,22.84,30.84,444,1361.75,0.00531407
0,22.79,30.81,444,1356.6,0.005292653
0,22.79,30.84,444,1363,0.005297851
0,22.79,30.83,444,1363.8,0.005296118
0,22.79,30.89,444,1363.5,0.005306513
0,22.79,30.89,444,1369.333333,0.005306513
0,22.79,30.9175,444,1366.25,0.005311278
0,22.79,30.89,444,1372.571429,0.005306513
0,22.79,30.89,444,1361.666667,0.005306513
0,22.79,30.89,444,1367.25,0.005306513
0,22.79,30.89,444,1359,0.005306513
0,22.79,30.934,444,1363.8,0.005314137
0,22.79,30.89,444,1353.75,0.005306513
0,22.79,31,444,1356.333333,0.005325572
0,22.79,31,444,1363.8,0.005325572
0,22.772,31.02,444,1364,0.005323174
0,22.79,31.05,444,1373.333333,0.005334235
0,22.7675,31.125,440.25,1374.25,0.005339878
0,22.79,31.08333333,444,1369,0.005340011
0,22.79,31.075,444.75,1360.75,0.005338567
0,22.79,31.11428571,441.2857143,1359.5,0.005345374
0,22.745,31.15,447,1366.333333,0.005336854
0,22.772,31.2,439.8,1377,0.005354329
0,22.79,31.2,441,1379.5,0.005360226
0,22.745,31.2,442.5,1379.25,0.005345494
0,22.7225,31.2,442.5,1381.5,0.005338141
0,22.745,31.29,438,1381,0.005361046
0,22.73,31.16666667,441,1374,0.005334836
0,22.73,31.21333333,441,1372.5,0.005342893
0,22.7,31.1,442.5,1369.75,0.005313565
0,22.7,31.12,443.4,1368.6,0.005317012
0,22.715,31.2,441,1368.333333,0.005335692
0,22.7,31.16666667,441,1365.333333,0.005325053
0,22.715,31.2,441,1370.5,0.005335692
0,22.715,31.2,441,1366.333333,0.005335692
0,22.7,31.2,442.5,1373.5,0.005330797
0,22.745,31.2225,438,1378.5,0.005349382
0,22.7,31.272,441,1377.166667,0.005343205
0,22.7,31.245,447,1401.166667,0.005338552
0,22.7,31.2675,442.5,1395.333333,0.005342429
0,22.7,31.29,447,1401,0.005346307
0,22.7,31.29,444,1400.5,0.005346307
0,22.7,31.29,447,1394,0.005346307
0,22.7,31.29,447,1394.6,0.005346307
0,22.7,31.29,447,1389.666667,0.005346307
0,22.7,31.29,447,1377.2,0.005346307
0,22.7,31.29,447,1387,0.005346307
0,22.7,31.37571429,439,1393.428571,0.005361078
0,22.7,31.39,447,1393.75,0.00536354
0,22.7,31.39,441.4,1392.6,0.00536354
0,22.7,31.37,438.6,1394.2,0.005360094
0,22.7,31.4175,440,1396.25,0.00536828
0,22.7,31.39,443.5,1390.5,0.00536354
0,22.7225,31.365,436.5,1397.5,0.005366615
0,22.7,31.4175,433,1398.25,0.00536828
0,22.7,31.4725,433,1402.25,0.005377759
0,22.7,31.37857143,433,1398,0.005361571
0,22.7,31.29,433,1384.25,0.005346307
0,22.7,31.29,433,1387.333333,0.005346307
0,22.7,31.29,433,1392.5,0.005346307
0,22.7,31.236,433,1384.8,0.005337001
0,22.7225,31.315,433,1388,0.005357986
0,22.7,31.27,433,1384.6,0.00534286
0,22.7,31.275,433,1373.333333,0.005343722
0,22.7,31.18,433,1368.8,0.005327351
0,22.7,31.2,433,1364,0.005330797
0,22.7,31.15,433,1357.5,0.005322181
0,22.7,31.2,433,1352,0.005330797
0,22.7,31.2,433,1357,0.005330797
0,22.7,31.1,433,1361.75,0.005313565
0,22.7,31.1,433,1356,0.005313565
0,22.7,31.1,433,1344.25,0.005313565
0,22.7,31.05,433,1357.75,0.00530495
0,22.7,31.1,433,1355.75,0.005313565
0,22.7,31.1,433,1354.666667,0.005313565
0,22.7,31.01666667,433,1343.333333,0.005299206
0,22.7,31.05,433,1334.166667,0.00530495
0,22.7225,30.9725,433,1340.25,0.005298886
0,22.736,30.934,433,1336.8,0.005296615
0,22.7675,31,433,1335.75,0.005318249
0,22.73,31,433,1342.333333,0.005306064
0,22.718,31,433,1348.8,0.005302171
0,22.7,31,433,1353.25,0.005296334
0,22.7,30.912,433,1339,0.005281172
0,22.7,30.945,433,1338.25,0.005286858
0,22.7,30.956,433,1347.6,0.005288753
0,22.7,30.9725,433,1338.75,0.005291596
0,22.7,30.89,433,1318,0.005277382
0,22.7,30.87333333,433,1311.166667,0.00527451
0,22.66,30.83,433,1306.5,0.005254168
0,22.68,30.87,433,1316.666667,0.005267485
0,22.7,30.89,433,1306.333333,0.005277382
0,22.7,30.79,429.5,1300.5,0.005260153
0,22.675,30.7225,433,1298.666667,0.005240501
0,22.675,30.745,424.6,1298.2,0.005244371
0,22.7,30.7675,426,1292.5,0.005256276
0,22.675,30.7225,426,1288.5,0.005240501
0,22.7,30.7,433,1299.666667,0.005244647
0,22.65,30.65,423.6666667,1285.333333,0.005220038
0,22.7,30.675,426,1286,0.005240341
0,22.6,30.58333333,419,1284.333333,0.005192672
0,22.6,30.575,422.5,1275.25,0.005191245
0,22.6,30.6,419,1273.8,0.005195525
0,22.6,30.6,419,1271.8,0.005195525
0,22.6,30.55,419,1273.333333,0.005186965
0,22.6,30.58,419,1261.75,0.005192101
0,22.6,30.56666667,419,1258.5,0.005189818
0,22.6,30.4725,419,1251.5,0.005173697
0,22.6,30.445,419,1241.333333,0.005168989
0,22.6,30.4725,419,1238.75,0.005173697
0,22.6,30.37,419,1246.8,0.00515615
0,22.6,30.315,419,1240.75,0.005146735
0,22.6,30.365,419,1240.25,0.005155294
0,22.6,30.275,426,1239,0.005139888
0,22.6,30.245,422.5,1235.25,0.005134752
0,22.6,30.254,424.6,1229.8,0.005136293
0,22.6,30.18,419,1220.6,0.005123626
0,22.6,30.16666667,419,1214.166667,0.005121344
0,22.6,30.1,419,1214,0.005109933
0,22.6,30.14,419,1217.8,0.00511678
0,22.6,30.1,419,1211.8,0.005109933
0,22.6,30.1,419,1217.2,0.005109933
0,22.6,30.1,415.5,1211.5,0.005109933
0,22.6,30.18166667,419,1207.333333,0.005123912
0,22.6,30.1,419,1204.75,0.005109933
0,20.39,23.7,311.75,474.75,0.003505185
0,20.4175,23.7225,426,473.5,0.003514529
0,20.4725,23.7675,433,473.75,0.003533277
0,20.48166667,23.89,423.6666667,484.5,0.003553613
0,20.5,23.89,419,492.4,0.003557659
0,20.5,23.89,419,491,0.003557659
0,20.5,23.89,419,487.2,0.003557659
0,20.55,23.945,415.5,493.25,0.003576976
0,20.52,24,409.8,499.6,0.003578573
0,20.525,24,414.6,506.2,0.003579683
0,20.63333333,24.23,398.3333333,537.3333333,0.003638556
0,20.66,24.2,406.2,538.8,0.003640037
0,20.625,24.175,414,538.5,0.003628373
0,20.66,24.216,412.2,535.8,0.003642458
0,20.675,24.34,411,538.75,0.003664625
0,20.7,24.5,408,546.25,0.003694578
0,20.7,24.65,405,554.6666667,0.003717333
0,20.7,24.7,405,565.3333333,0.003724918
0,20.7,24.7675,405,573,0.003735159
0,20.71285714,24.79,405,581.1428571,0.003741553
0,20.7,24.79,405,587.25,0.003738573
0,20.754,24.87,413.4,588.2,0.003763282
0,20.775,24.89,416.6666667,589.5,0.00377123
0,20.772,24.956,419,592,0.003780588
0,20.79,24.978,419,599.8,0.003788163
0,20.79,25,419,605.4,0.00379152
0,20.79,24.9975,419,611.25,0.003791139
0,20.81,25.02,419,616.4,0.003799275
0,20.865,25.075,419,621,0.003820668
0,20.82333333,25.03333333,419,622.6666667,0.003804453
0,20.85666667,25.06666667,419,624,0.003817421
0,20.84,25.05,419,623.75,0.003810932
0,20.87,25.16,433,632.4,0.003834886
0,20.89,25.2,433,639,0.003845779
0,20.87333333,25.275,433,646,0.003853318
0,20.84,25.1975,433,649.5,0.00383351
0,20.89,25.272,433,649.8,0.003856835
0,20.865,25.365,433,656.75,0.00386513
0,20.84,25.34,433,660.75,0.003855324
0,20.87333333,25.37333333,437.6666667,659.3333333,0.003868403
0,20.87,25.37,440.6,671.6,0.003867094
0,20.84,25.34,442.5,673.5,0.003855324
0,20.865,25.365,438,678.25,0.00386513
0,20.89,25.39,441,681,0.003874956
0,20.89,25.35,429,683,0.003868813
0,20.89,25.33,429,689.4,0.003865742
0,20.89,25.34,429,694.25,0.003867278
0,20.912,25.39,435,690.4,0.003880236
0,20.945,25.39,444,697.3333333,0.003888169
0,20.9725,25.39,444,710.25,0.00389479
0,21,25.245,460,714.5,0.003879002
0,21,25.2,454.75,711,0.003872044
0,21,25.2,453,705,0.003872044
0,21,25.2,451.6,711,0.003872044
0,21.025,25.2225,454.75,713.5,0.00388152
0,21.08333333,25.2,453,719.5,0.003892047
0,21.06666667,25.2,458,727.6666667,0.003888039
0,21.11666667,25.2,458,728.6666667,0.003900074
0,21.15,25.2225,459.25,731.25,0.003911626
0,21.2,25.22833333,454,738.5,0.00392464
0,21.2,25.18,454,740.2,0.003917073
0,21.2,25.1,454,735.75,0.00390455
0,21.2,25.14,454,735,0.003910812
0,21.215,25.215,456.5,746.1666667,0.003926188
0,21.2,25.2,465.25,762.75,0.003920204
0,21.2,25.2,469,766.2,0.003920204
0,21.2,25.218,469,763.4,0.003923022
0,21.2,25.35666667,462.3333333,778,0.00394473
0,21.2,25.37,470.2,778.4,0.003946818
0,21.2225,25.34,475.75,774.75,0.003947603
0,21.236,25.33,471,774,0.003949326
0,21.29,25.4725,480.25,778,0.003984948
0,21.29,25.42666667,487,779,0.003977732
0,21.272,25.412,503.6,780.6,0.003971009
0,21.29,25.575,509.5,786.25,0.004001087
0,21.29,25.6725,527.25,800.75,0.004016439
0,21.34,25.79,524.5,814,0.004047411
0,21.412,25.872,529.8,832,0.004078439
0,21.5,26,534,849.25,0.00412105
0,21.5,26.08,544,860.6,0.004133814
0,21.6,26.15,538,871,0.004170603
0,21.66,26.216,553,879.5,0.004196678
0,21.7,26.2675,542.5,894,0.004215345
0,21.7225,26.2225,547,905.5,0.004213906
0,21.79,26.39,559.2,911.2,0.004258657
0,21.81,26.274,567.8,919.2,0.004245029
0,21.865,26.315,554,923.5,0.004266102
0,21.89,26.315,563,931.75,0.004272664
0,21.89,26.315,564.5,934.75,0.004272664
0,21.945,26.2225,577.5,934.75,0.004271957
0,22,26.12,578.8,939,0.004269545
0,22,26.06666667,581.6666667,936.6666667,0.004260767
0,22.08571429,26.12857143,580,936.4285714,0.004293491
0,22.1,26.1,596,936.5,0.004292526
0,22.1,26.1,594.8,937.6,0.004292526
0,22.14,25.998,603.4,937.8,0.004286142
0,22.29,25.89,612,937.3333333,0.004307653
0,22.29,25.85666667,611,943.6666667,0.004302068
0,22.32333333,25.80666667,617,946.1666667,0.00430247
0,22.39,25.7,624.75,944.5,0.004302096
0,22.39,25.68,630.4,944.4,0.004298725
0,22.445,25.65,632.5,948,0.00430815
0,22.5,25.66666667,652,940.3333333,0.004325504
0,22.5,25.6,643.5,944.3333333,0.004314191
0,22.56666667,25.6,648.6666667,942.1666667,0.00433182
0,22.6,25.6,767,948.6666667,0.004340659
0,22.6,25.4725,1419.5,945,0.00431889
0,22.7,25.5,1697.25,951.75,0.00435009
0,22.7,25.456,1209.8,958.6,0.004342532
0,22.7225,25.4175,685.75,956.25,0.004341882
0,22.7675,25.315,684.75,952.25,0.004336152
0,22.79,25.456,679.4,954.6,0.004366467
0,22.82333333,25.39333333,683,961.6666667,0.004364515
0,22.89,25.39,692,961.75,0.004381728
0,22.89,25.39,693.8,953.8,0.004381728
0,22.90833333,25.39,689,956.3333333,0.004386631
0,22.9725,25.39,693.75,970,0.004403831
0,23,25.39,686.5,971.25,0.004411221
0,23.025,25.4175,698.25,986.25,0.004422767
0,23.1,25.5,694.8333333,985,0.00445755
0,23.1,25.5,690,997,0.00445755
0,23.2,25.5,696.8,1003.8,0.004484778
0,23.2,25.5,710,1004.833333,0.004484778
0,23.2,25.5,722,1011.4,0.004484778
0,23.29,25.6,732,1022.5,0.004527221
0,23.29,25.6,735,1029.833333,0.004527221
0,23.31,25.6,719.2,1031,0.004532732
0,23.39,25.6,723.3333333,1040,0.004554837
0,23.365,25.6,729,1040.5,0.004547919
0,23.39,25.6,738,1042,0.004554837
0,23.456,25.66,738,1052.4,0.004583942
0,23.5,25.718,734.4,1062.8,0.004606679
0,23.58,25.736,738,1067.75,0.004632378
0,23.6,25.89,747,1072.25,0.004665967
0,23.64,25.954,745.2,1095.2,0.004688959
0,23.66666667,26.06666667,746.3333333,1109,0.004717095
0,23.7,26.12,737.8,1119,0.004736389
0,23.718,26.1,745,1123.4,0.004737906
0,23.79,26.125,740.5,1122.5,0.004763231
0,23.745,26.2,754,1123,0.004763993
0,23.79,26.31,763,1158.2,0.004797221
0,23.79,26.315,758.25,1160.25,0.00479814
0,23.89,26.39,755.5,1166,0.004841175
0,23.89,26.365,758.25,1164.75,0.004836553
0,23.89,26.29,772.75,1163.25,0.004822688
0,23.98428571,26.37571429,767,1172.714286,0.004866244
0,24,26.365,774.5,1182,0.004868882
0,24.05,26.34,774.5,1182,0.004878973
0,24.08,26.37,769.8,1187.6,0.004893449
0,24.1,26.56666667,758.3333333,1191.333333,0.004936203
0,24.1,26.4725,775.75,1213.75,0.004918568
0,24.1,26.154,775,1194,0.004858929
0,24.1,25.958,783.4,1173.4,0.004822233
0,24.1,25.918,789.6,1160.2,0.004814745
0,24.1,25.8925,797.5,1156.25,0.004809971
0,24.1,25.832,799,1139,0.004798646
0,24.175,25.84,782.5,1140.5,0.004821963
0,24.2,25.89166667,786.1666667,1145.333333,0.004838987
0,24.2,25.89,794.25,1149.25,0.004838673
0,24.2,25.89,797.5,1152.5,0.004838673
0,24.2,25.89,787,1153.25,0.004838673
0,24.218,25.912,805,1152.4,0.004848089
0,24.26,25.89166667,798,1146.166667,0.004856565
0,24.29,25.978,793,1145.4,0.004881725
0,24.29,25.852,801.4,1140.8,0.004857863
0,24.29,25.7,808,1150.25,0.004829079
0,24.33,25.736,809.8,1129.2,0.004847592
0,24.33,25.7,817,1125.8,0.004840759
0,24.35666667,25.7,813,1123,0.004848559
0,24.40833333,25.68166667,798,1124,0.004860208
